container,subsample,species_latin,amount,vernalisation
1,1,Cardamine hirsuta,4,TRUE
1,1,Cardamine hirsuta,79,FALSE
1,1,Cerastium glomeratum,3,TRUE
1,1,Cerastium glomeratum,4,FALSE
1,1,Senecio vulgaris,22,FALSE
1,1,Stellaria media,1,TRUE
1,1,Stellaria media,17,FALSE
1,2,Cardamine hirsuta,1,FALSE
1,2,Juncus bulbosus,1,FALSE
1,3,Cardamine hirsuta,1,FALSE
1,3,Cerastium glomeratum,2,TRUE
1,3,Cerastium glomeratum,2,FALSE
1,4,Cardamine hirsuta,6,TRUE
1,4,Cardamine hirsuta,27,FALSE
1,4,Cerastium glomeratum,16,TRUE
1,4,Cerastium glomeratum,2,FALSE
1,4,Senecio vulgaris,25,FALSE
1,4,Stellaria media,2,FALSE
1,5,Cardamine hirsuta,1,TRUE
1,5,Cardamine hirsuta,5,FALSE
1,5,Cerastium glomeratum,2,TRUE
1,5,Cerastium glomeratum,31,FALSE
1,5,Poa annua,3,FALSE
1,5,Sagina procumbens,1,TRUE
1,5,Sagina procumbens,116,FALSE
2,1,Calamagrostis epigejos,5,FALSE
2,1,Cardamine hirsuta,1,TRUE
2,1,Cardamine hirsuta,27,FALSE
2,1,Epilobium ciliatum,3,FALSE
2,1,Sagina procumbens,119,TRUE
2,1,Sagina procumbens,428,FALSE
2,1,Sonchus oleraceus,3,FALSE
2,2,Betula pendula,1,FALSE
2,2,Cardamine hirsuta,1,TRUE
2,2,Cardamine hirsuta,9,FALSE
2,2,Conyza canadensis,1,FALSE
2,2,Epilobium ciliatum,7,FALSE
2,2,Poa annua,5,TRUE
2,2,Poa annua,281,FALSE
2,2,Sagina procumbens,8,FALSE
2,2,Sonchus oleraceus,1,FALSE
2,3,Betula pendula,1,FALSE
2,3,Cardamine hirsuta,45,FALSE
2,3,Epilobium ciliatum,36,FALSE
2,3,Epilobium roseum,1,FALSE
2,3,Poa annua,8,FALSE
2,3,Sagina procumbens,3,FALSE
2,3,Sonchus oleraceus,4,FALSE
2,3,Stellaria media,1,FALSE
2,4,Betula pendula,1,TRUE
2,4,Calamagrostis phragmitoides,3,FALSE
2,4,Cardamine hirsuta,12,FALSE
2,4,Carex canescens,1,FALSE
2,4,Cerastium glomeratum,1,TRUE
2,4,Cerastium glomeratum,2,FALSE
2,4,Epilobium ciliatum,46,FALSE
2,4,Poa annua,126,FALSE
2,4,Sagina procumbens,1,TRUE
2,4,Sagina procumbens,175,FALSE
2,4,Sonchus oleraceus,4,FALSE
2,5,Betula pendula,1,FALSE
2,5,Calamagrostis phragmitoides,5,FALSE
2,5,Cardamine hirsuta,5,TRUE
2,5,Cardamine hirsuta,24,FALSE
2,5,Cerastium glomeratum,1,TRUE
2,5,Cerastium glomeratum,3,FALSE
2,5,Poa annua,2,FALSE
2,5,Sagina procumbens,1,TRUE
2,5,Sagina procumbens,3,FALSE
2,5,Sonchus oleraceus,3,FALSE
3,1,Arabis thaliana,1,TRUE
3,1,Lepidotheca suaveolens,1,FALSE
3,1,Persicaria laphatifolia ssp. lapathifolia,1,FALSE
3,1,Plantago major ssp.major,1,FALSE
3,1,Rumex acetosella ssp. acetosella,5,FALSE
3,1,Stellaria media,1,FALSE
3,1,Urtica urens,1,FALSE
3,1,Veronica peregrina,1,FALSE
3,2,Cardamine hirsuta,1,FALSE
3,2,Epilobium ciliatum,1,FALSE
3,2,Juncus conglomeratus,1,FALSE
3,2,Persicaria laphatifolia ssp. lapathifolia,1,FALSE
3,2,Solanum tuberosum 'Amandine',1,TRUE
3,3,Cardamine hirsuta,1,FALSE
3,3,Chenopodium album,2,FALSE
3,3,Epilobium ciliatum,1,FALSE
3,3,Matricaria perforata,1,TRUE
3,3,Poa annua,2,FALSE
3,3,Rubus idaeus,1,FALSE
3,3,Rumex acetosella ssp. acetosella,2,FALSE
3,3,Rumex obtusifolius coll.,1,FALSE
3,3,Stellaria media,1,TRUE
3,3,Stellaria media,2,FALSE
3,4,Cruciata cf. laevipes,1,FALSE
3,4,Rumex acetosella ssp. acetosella,2,FALSE
3,4,Solanum tuberosum 'Amandine',1,TRUE
3,5,Echinochloa crus-galli,1,FALSE
3,5,Gnaphalium uliginosum,1,FALSE
3,5,Juncus filiformis,1,FALSE
3,5,Rumex acetosella ssp. acetosella,3,FALSE
4,1,Amaranthus cf. retroflexus,1,FALSE
4,1,Cerastium glomeratum,1,TRUE
4,1,Cerastium glomeratum,1,FALSE
4,1,Sonchus oleraceus,1,FALSE
4,2,Cardamine hirsuta,1,FALSE
4,2,Cerastium glomeratum,1,TRUE
4,2,Cerastium glomeratum,1,FALSE
4,2,Chenopodium album,1,FALSE
4,2,Portulaca oleracea ssp. sativa,1,FALSE
4,2,Sonchus oleraceus,1,FALSE
4,3,Capsella bursa-pastoris,1,FALSE
4,3,Cardamine hirsuta,3,FALSE
4,3,Cerastium glomeratum,3,FALSE
4,3,Digitaria ischaemum,2,FALSE
4,3,Echinochloa crus-galli,6,FALSE
4,3,Euphorbia chamaesyce,1,FALSE
4,3,Portulaca oleracea ssp. sativa,2,FALSE
4,3,Setaria verticillata,3,FALSE
4,3,Veronica peregrina,1,FALSE
4,4,Cardamine hirsuta,2,FALSE
4,4,Cerastium glomeratum,1,FALSE
4,4,Erysimum cheiranthoides,1,FALSE
4,5,Poa annua,16,FALSE
5,1,Betula pendula,1,TRUE
5,1,Cardamine hirsuta,9,FALSE
5,1,Epilobium ciliatum,1,TRUE
5,1,Epilobium ciliatum,1,FALSE
5,2,Poa annua,3,FALSE
5,3,Cardamine hirsuta,1,FALSE
5,3,Epilobium ciliatum,1,FALSE
5,4,Stellaria media,1,TRUE
5,5,Epilobium ciliatum,1,FALSE
5,5,Portulaca oleracea ssp. sativa,1,FALSE
5,5,Stellaria media,1,TRUE
6,1,Bidens pilosa,2,FALSE
6,1,Cardamine hirsuta,11,TRUE
6,1,Cardamine hirsuta,80,FALSE
6,1,Claytonia perfoliata,2,TRUE
6,1,Eclipta prostrata,1,FALSE
6,1,Epilobium ciliatum,1,TRUE
6,1,Euphorbia maculata,2,FALSE
6,1,Portulaca oleracea ssp. sativa,74,FALSE
6,1,Sonchus oleraceus,1,TRUE
6,1,Sonchus oleraceus,1,FALSE
6,2,Agrostis nebulosa,22,FALSE
6,2,Cardamine hirsuta,3,FALSE
6,2,Euphorbia chamaesyce,1,FALSE
6,2,Euphorbia maculata,3,FALSE
6,2,Euphorbia prostrata,1,FALSE
6,2,Poa annua,1,FALSE
6,3,Euphorbia maculata,2,FALSE
6,3,Senecio vulgaris,1,FALSE
6,4,Cardamine hirsuta,1,TRUE
6,4,Cardamine hirsuta,3,FALSE
6,4,Euphorbia maculata,1,FALSE
6,4,Poa annua,1,TRUE
6,5,Coronopus didymus,6,FALSE
6,5,Euphorbia chamaesyce,1,FALSE
6,5,Euphorbia maculata,3,FALSE
6,5,Portulaca oleracea ssp. sativa,3,FALSE
7,1,Chenopodium album,2,FALSE
7,1,Conyza canadensis,5,FALSE
7,1,Echinochloa crus-galli,3,FALSE
7,1,Geranium pusilllum,2,FALSE
7,1,Poa annua,1,FALSE
7,1,Solanum nigrum ssp. nigrum,97,FALSE
7,2,Cardamine hirsuta,2,FALSE
7,2,Chenopodium album,1,FALSE
7,2,Conyza canadensis,1,FALSE
7,2,Echinochloa crus-galli,17,FALSE
7,2,Epilobium ciliatum,2,FALSE
7,2,Epilobium roseum,1,FALSE
7,2,Geranium pusilllum,2,FALSE
7,2,Juncus compressus,1,FALSE
7,2,Stellaria media,1,TRUE
7,2,Stellaria media,2,FALSE
7,3,Cardamine hirsuta,1,FALSE
7,3,Cerastium glomeratum,1,TRUE
7,3,Chenopodium album,9,FALSE
7,3,Conyza canadensis,2,FALSE
7,3,Echinochloa crus-galli,4,FALSE
7,3,Rorippa palustris,1,FALSE
7,4,Cardamine hirsuta,5,FALSE
7,4,Chenopodium album,1,FALSE
7,4,Geranium pusilllum,1,FALSE
7,5,Cardamine hirsuta,3,TRUE
7,5,Chenopodium album,1,FALSE
8,1,Chenopodium album,9,FALSE
8,1,Poa annua,3,TRUE
8,1,Poa annua,49,FALSE
8,1,Stellaria media,5,FALSE
8,2,Betula pendula,1,FALSE
8,2,Chenopodium album,17,FALSE
8,2,Poa annua,2,TRUE
8,2,Poa annua,47,FALSE
8,2,Stellaria media,1,TRUE
8,2,Stellaria media,10,FALSE
8,3,Chenopodium album,5,FALSE
8,3,Poa annua,4,TRUE
8,3,Poa annua,27,FALSE
8,3,Stellaria media,1,FALSE
8,4,Chenopodium album,22,FALSE
8,4,Poa annua,1,TRUE
8,4,Poa annua,22,FALSE
8,4,Stellaria media,17,TRUE
8,4,Stellaria media,30,FALSE
8,5,Chenopodium album,20,FALSE
8,5,Poa annua,1,TRUE
8,5,Poa annua,22,FALSE
8,5,Stellaria media,2,FALSE
9,1,Cardamine hirsuta,1,TRUE
9,1,Cardamine hirsuta,1,FALSE
9,2,Cardamine hirsuta,1,FALSE
9,2,Stellaria media,5,FALSE
9,3,Cardamine hirsuta,2,FALSE
9,3,Stellaria media,7,FALSE
9,4,Cardamine hirsuta,1,TRUE
10,1,Cardamine hirsuta,5,TRUE
10,1,Cardamine hirsuta,17,FALSE
10,1,Cerastium glomeratum,2,FALSE
10,4,Cardamine hirsuta,1,FALSE
10,4,Poa annua,13,FALSE
10,5,Cardamine hirsuta,1,TRUE
10,5,Cardamine hirsuta,1,FALSE
10,5,Poa annua,1,FALSE
10,5,Rubus idaeus,1,FALSE
11,1,Euphorbia prostrata,1,FALSE
11,1,Sagina procumbens,15,TRUE
11,2,Erysimum cheiranthoides,1,FALSE
11,2,Platanus x acerifolia,1,FALSE
11,2,Solanum tuberosum 'Amandine',1,TRUE
11,3,Cardamine hirsuta,1,FALSE
11,3,Cerastium glomeratum,3,TRUE
11,3,Cytisus scoparius,1,TRUE
11,4,Cardamine hirsuta,4,FALSE
11,4,Epilobium ciliatum,1,TRUE
11,4,Euphorbia prostrata,1,FALSE
11,5,Cardamine hirsuta,3,TRUE
11,5,Cardamine hirsuta,78,FALSE
11,5,Euphorbia prostrata,2,FALSE
11,5,Juncus bufonius,1,TRUE
11,5,Stellaria media,1,TRUE
12,1,Cardamine hirsuta,62,TRUE
12,1,Cardamine hirsuta,82,FALSE
12,1,Poa annua,4,TRUE
12,1,Poa annua,7,FALSE
12,2,Cardamine hirsuta,46,FALSE
12,2,Euphorbia prostrata,1,FALSE
12,2,Sagina procumbens,3,TRUE
12,3,Amaranthus cf. hybridus,1,FALSE
12,3,Cardamine hirsuta,6,TRUE
12,3,Cardamine hirsuta,12,FALSE
12,4,Cardamine hirsuta,4,TRUE
12,5,Cardamine hirsuta,1,TRUE
13,1,Arabis thaliana,2,TRUE
13,1,Arabis thaliana,1,FALSE
13,1,Capsella bursa-pastoris,1,FALSE
13,1,Cardamine hirsuta,2,FALSE
13,1,Cerastium glomeratum,2,FALSE
13,1,Chenopodium album,4,FALSE
13,1,Epilobium ciliatum,3,FALSE
13,1,Gnaphalium uliginosum,1,FALSE
13,1,Oxalis corniculata,1,TRUE
13,1,Persicaria laphatifolia ssp. lapathifolia,1,FALSE
13,1,Poa annua,1,TRUE
13,1,Poa annua,24,FALSE
13,1,Polygonum aviculare ssp. Microspermum,1,FALSE
13,1,Sagina procumbens,1,FALSE
13,1,Solanum nigrum ssp. nigrum,1,FALSE
13,2,Arabis thaliana,6,TRUE
13,2,Cardamine hirsuta,3,FALSE
13,2,Chenopodium album,1,FALSE
13,2,Epilobium ciliatum,1,FALSE
13,2,Gnaphalium uliginosum,1,FALSE
13,2,Oxalis corniculata,1,TRUE
13,2,Poa annua,12,FALSE
13,2,Rorippa palustris,3,FALSE
13,2,Solanum nigrum ssp. nigrum,7,FALSE
13,2,Veronica peregrina,3,FALSE
13,3,Arabis thaliana,37,TRUE
13,3,Arabis thaliana,5,FALSE
13,3,Cerastium glomeratum,2,FALSE
13,3,Chenopodium album,1,FALSE
13,3,Epilobium ciliatum,2,FALSE
13,3,Oxalis corniculata,1,FALSE
13,3,Poa annua,1,TRUE
13,3,Poa annua,9,FALSE
13,3,Stellaria media,2,FALSE
13,4,Arabis thaliana,4,TRUE
13,4,Arabis thaliana,1,FALSE
13,4,Capsella bursa-pastoris,6,FALSE
13,4,Cardamine hirsuta,1,FALSE
13,4,Cerastium glomeratum,2,FALSE
13,4,Chenopodium album,1,FALSE
13,4,Juncus bufonius,1,FALSE
13,4,Matricaria perforata,2,TRUE
13,4,Poa annua,1,TRUE
13,4,Poa annua,15,FALSE
13,4,Rorippa palustris,1,FALSE
13,4,Solanum nigrum ssp. nigrum,4,FALSE
13,4,Spergula arvensis,1,FALSE
13,4,Spergularia rubra,1,FALSE
13,4,Urtica urens,1,FALSE
13,5,Cardamine hirsuta,3,TRUE
13,5,Cardamine hirsuta,5,FALSE
13,5,Chenopodium album,14,FALSE
13,5,Oxalis corniculata,2,FALSE
13,5,Persicaria maculosa,1,FALSE
13,5,Poa annua,2,FALSE
13,5,Senecio vulgaris,8,FALSE
13,5,Solanum nigrum ssp. nigrum,3,FALSE
14,1,Stellaria media,1,FALSE
14,2,Betula pendula,1,FALSE
14,2,Cardamine hirsuta,1,TRUE
14,2,Cardamine hirsuta,11,FALSE
14,2,Epilobium ciliatum,1,FALSE
14,3,Oxalis corniculata,2,FALSE
14,4,Poa annua,1,FALSE
14,4,Sagina procumbens,1,FALSE
14,5,Cardamine hirsuta,8,FALSE
14,5,Sagina procumbens,5,FALSE
15,1,Coronopus didymus,3,FALSE
15,1,Euphorbia maculata,1,FALSE
15,1,Portulaca oleracea ssp. sativa,1,FALSE
15,1,Solanum nigrum ssp. nigrum,35,FALSE
15,2,Cardamine hirsuta,14,FALSE
15,2,Oxalis corniculata,2,FALSE
15,3,Coronopus didymus,3,FALSE
15,3,Oxalis corniculata,1,TRUE
15,4,Amaranthus blitum,7,FALSE
15,4,Cardamine hirsuta,6,FALSE
15,4,Oxalis corniculata,2,TRUE
15,4,Oxalis corniculata,9,FALSE
15,4,Solanum nigrum ssp. nigrum,2,FALSE
15,5,Amaranthus blitum,8,FALSE
15,5,Amaranthus cf. hybridus,1,FALSE
15,5,Amaranthus,1,FALSE
15,5,Cardamine hirsuta,3,FALSE
15,5,Euphorbia maculata,1,FALSE
15,5,Euphorbia prostrata,1,FALSE
15,5,Oxalis corniculata,2,FALSE
15,5,Poa annua,2,TRUE
15,5,Poa annua,1,FALSE
15,5,Senecio vulgaris,1,TRUE
15,5,Sonchus oleraceus,1,FALSE
16,1,Oxalis corniculata,1,FALSE
16,1,Portulaca oleracea ssp. sativa,1,FALSE
16,2,Chenopodium album,1,TRUE
16,3,Cardamine hirsuta,2,FALSE
16,3,Digitaria ischaemum,2,FALSE
16,3,Sagina procumbens,1,TRUE
16,3,Sonchus oleraceus,1,FALSE
16,3,Stellaria media,9,TRUE
16,3,Stellaria media,6,FALSE
16,4,Cardamine hirsuta,2,TRUE
16,4,Cardamine hirsuta,26,FALSE
16,4,Euphorbia prostrata,1,FALSE
16,4,Oxalis corniculata,6,FALSE
16,4,Poa annua,1,FALSE
16,4,Salix caprea ssp. caprea,1,FALSE
16,4,Setaria verticillata,1,FALSE
16,5,Cardamine hirsuta,12,FALSE
16,5,Epilobium ciliatum,1,FALSE
16,5,Euphorbia prostrata,1,FALSE
16,5,Oxalis corniculata,1,FALSE
16,5,Poa annua,1,TRUE
16,5,Poa annua,6,FALSE
16,5,Stellaria media,1,TRUE
16,5,Stellaria media,1,FALSE
16,5,Veronica peregrina,2,TRUE
17,1,Sagina procumbens,2,FALSE
17,1,Stellaria media,5,FALSE
18,1,Cardamine hirsuta,1,TRUE
18,1,Cardamine hirsuta,72,FALSE
18,1,Cerastium glomeratum,2,TRUE
18,1,Cerastium glomeratum,6,FALSE
18,1,Poa annua,1,FALSE
18,1,Sagina procumbens,15,FALSE
18,1,Senecio vulgaris,8,FALSE
18,2,Cardamine hirsuta,2,TRUE
18,2,Cardamine hirsuta,51,FALSE
18,2,Cerastium glomeratum,3,FALSE
18,2,Epilobium ciliatum,1,FALSE
18,2,Sagina procumbens,3,FALSE
18,2,Senecio vulgaris,2,FALSE
18,2,Sonchus oleraceus,1,FALSE
18,3,Cardamine hirsuta,13,TRUE
18,3,Cardamine hirsuta,74,FALSE
18,3,Epilobium ciliatum,1,FALSE
18,3,Sagina procumbens,12,FALSE
18,3,Senecio vulgaris,1,FALSE
18,4,Cardamine hirsuta,2,TRUE
18,4,Cardamine hirsuta,87,FALSE
18,4,Cerastium glomeratum,2,FALSE
18,4,Conyza canadensis,1,FALSE
18,4,Poa annua,1,FALSE
18,4,Senecio vulgaris,1,FALSE
18,5,Cardamine hirsuta,6,TRUE
18,5,Cardamine hirsuta,103,FALSE
18,5,Cerastium glomeratum,2,FALSE
18,5,Epilobium ciliatum,1,FALSE
18,5,Poa annua,1,TRUE
18,5,Poa annua,8,FALSE
18,5,Senecio vulgaris,2,FALSE
19,1,Cardamine hirsuta,11,FALSE
19,1,Oxalis corniculata,1,TRUE
19,1,Oxalis corniculata,1,FALSE
19,1,Poa annua,1,TRUE
19,1,Poa annua,7,FALSE
19,1,Sagina procumbens,1,FALSE
19,5,Cardamine hirsuta,1,TRUE
19,5,Cardamine hirsuta,3,FALSE
19,5,Oxalis corniculata,1,FALSE
20,1,Arabis thaliana,1,TRUE
20,1,Arabis thaliana,1,FALSE
20,1,Capsella bursa-pastoris,3,FALSE
20,1,Cardamine hirsuta,12,FALSE
20,1,Cerastium glomeratum,1,TRUE
20,1,Chenopodium album,17,FALSE
20,1,Claytonia perfoliata,4,TRUE
20,1,Poa annua,2,FALSE
20,1,Senecio vulgaris,2,FALSE
20,1,Solanum nigrum ssp. nigrum,3,FALSE
20,2,Capsella bursa-pastoris,11,FALSE
20,2,Chenopodium album,7,FALSE
20,2,Erysimum cheiranthoides,1,TRUE
20,2,Geranium pusilllum,2,FALSE
20,2,Persicaria laphatifolia ssp. pallida,1,FALSE
20,2,Solanum nigrum ssp. nigrum,10,FALSE
20,3,Aethusa cynapium cf. ssp. cynapium,1,FALSE
20,3,Arabis thaliana,1,TRUE
20,3,Arabis thaliana,1,FALSE
20,3,Capsella bursa-pastoris,5,FALSE
20,3,Cardamine hirsuta,2,TRUE
20,3,Chenopodium album,3,FALSE
20,3,Matricaria perforata,1,TRUE
20,3,Solanum nigrum ssp. nigrum,3,FALSE
20,4,Cardamine hirsuta,2,TRUE
20,4,Poa annua,1,FALSE
20,5,Cardamine hirsuta,2,TRUE
20,5,Festuca rubra,1,FALSE
21,1,Arabis thaliana,1,TRUE
21,1,Betula pendula,2,FALSE
21,1,Capsella bursa-pastoris,4,FALSE
21,1,Cardamine hirsuta,19,TRUE
21,1,Cardamine hirsuta,30,FALSE
21,1,Epilobium ciliatum,2,TRUE
21,1,Epilobium ciliatum,9,FALSE
21,1,Poa annua,1,TRUE
21,1,Poa annua,4,FALSE
21,1,Rorippa palustris,1,FALSE
21,1,Senecio vulgaris,2,FALSE
21,2,Arabis thaliana,2,TRUE
21,2,Cardamine hirsuta,8,TRUE
21,2,Cardamine hirsuta,6,FALSE
21,2,Poa annua,2,FALSE
21,2,Rorippa palustris,9,FALSE
21,2,Senecio vulgaris,1,FALSE
21,2,Stellaria media,1,FALSE
21,3,Capsella bursa-pastoris,1,FALSE
21,3,Cardamine hirsuta,4,TRUE
21,3,Cardamine hirsuta,5,FALSE
21,3,Chenopodium album,5,FALSE
21,3,Poa annua,7,FALSE
21,3,Senecio vulgaris,1,FALSE
21,3,Taraxacum officinalis,2,FALSE
21,4,Cardamine hirsuta,4,TRUE
21,4,Cardamine hirsuta,2,FALSE
21,4,Poa annua,1,TRUE
21,4,Poa annua,1,FALSE
21,4,Rorippa palustris,2,FALSE
21,5,Cardamine hirsuta,4,TRUE
21,5,Cardamine hirsuta,6,FALSE
21,5,Chenopodium album,1,FALSE
21,5,Poa annua,2,FALSE
21,5,Rorippa palustris,1,FALSE
21,5,Senecio vulgaris,3,FALSE
22,1,Capsella bursa-pastoris,1,FALSE
22,2,Amaranthus cf. hybridus,2,FALSE
22,2,Cardamine hirsuta,3,TRUE
22,2,Cardamine hirsuta,13,FALSE
22,2,Euphorbia maculata,2,FALSE
22,2,Portulaca oleracea ssp. sativa,5,FALSE
22,2,Rorippa palustris,1,FALSE
22,2,Sagina procumbens,3,TRUE
22,2,Sagina procumbens,15,FALSE
22,2,Senecio vulgaris,1,TRUE
22,3,Poa annua,1,FALSE
22,4,Digitaria ischaemum,1,FALSE
22,5,Cardamine hirsuta,2,FALSE
23,2,Cardamine hirsuta,18,FALSE
23,2,Sonchus asper,1,FALSE
23,3,Cardamine hirsuta,4,TRUE
23,3,Cardamine hirsuta,10,FALSE
23,4,Sonchus oleraceus,1,FALSE
23,5,Sonchus oleraceus,1,FALSE
24,1,Arabis thaliana,1,TRUE
24,1,Betula pendula,2,FALSE
24,1,Cardamine hirsuta,607,TRUE
24,1,Cardamine hirsuta,30,FALSE
24,1,Cerastium glomeratum,6,FALSE
24,1,Conyza canadensis,1,FALSE
24,1,Epilobium ciliatum,3,TRUE
24,1,Epilobium ciliatum,1,FALSE
24,1,Poa annua,2,TRUE
24,1,Poa annua,1,FALSE
24,1,Sagina procumbens,2,TRUE
24,1,Sagina procumbens,3,FALSE
24,1,Sanvitalia procumbens,2,FALSE
24,1,Senecio vulgaris,14,FALSE
24,1,Stellaria media,1,FALSE
24,1,Taraxacum officinalis,3,FALSE
24,2,Cardamine hirsuta,60,TRUE
24,2,Cardamine hirsuta,22,FALSE
24,2,Epilobium ciliatum,5,TRUE
24,2,Epilobium ciliatum,2,FALSE
24,2,Poa annua,1,TRUE
24,2,Poa annua,7,FALSE
24,2,Senecio vulgaris,3,TRUE
24,2,Senecio vulgaris,1,FALSE
24,2,Urtica dioica,2,TRUE
24,3,Cardamine hirsuta,18,TRUE
24,3,Cardamine hirsuta,11,FALSE
24,3,Epilobium ciliatum,1,TRUE
24,3,Poa annua,10,FALSE
24,4,Cardamine hirsuta,11,TRUE
24,4,Poa annua,2,FALSE
24,4,Senecio vulgaris,1,TRUE
24,5,Cardamine hirsuta,2,TRUE
24,5,Cerastium glomeratum,1,TRUE
24,5,Conyza canadensis,1,FALSE
24,5,Poa annua,8,FALSE
24,5,Sagina procumbens,6,TRUE
24,5,Sagina procumbens,21,FALSE
25,1,Cardamine hirsuta,17,TRUE
25,1,Cerastium glomeratum,1,TRUE
25,1,Juncus compressus,1,FALSE
25,1,Poa annua,2,TRUE
25,1,Spergula arvensis,1,FALSE
25,1,Stellaria media,1,FALSE
25,1,Taraxacum officinalis,3,FALSE
25,1,Urtica urens,5,FALSE
25,1,Cardamine hirsuta,27,FALSE
25,1,Poa annua,1,FALSE
25,1,Senecio vulgaris,1,FALSE
25,2,Cardamine hirsuta,84,TRUE
25,2,Cardamine hirsuta,3,FALSE
25,3,Cardamine hirsuta,76,TRUE
25,4,Cardamine hirsuta,189,TRUE
25,4,Cerastium glomeratum,1,TRUE
25,4,Sagina procumbens,1,TRUE
25,5,Cardamine hirsuta,35,TRUE
25,5,Cardamine hirsuta,82,FALSE
26,1,Cardamine hirsuta,103,TRUE
26,1,Poa annua,1,FALSE
26,1,Solanum tuberosum 'Amandine',2,TRUE
26,1,Solanum tuberosum 'Amandine',1,FALSE
26,1,Stellaria media,9,TRUE
26,1,Stellaria media,7,FALSE
26,2,Arabis thaliana,58,TRUE
26,2,Cardamine hirsuta,65,TRUE
26,2,Cardamine hirsuta,12,FALSE
26,2,Cerastium glomeratum,29,TRUE
26,2,Chaenorhinum minus,1,FALSE
26,2,Claytonia perfoliata,2,TRUE
26,2,Draba verna,4,TRUE
26,2,Epilobium ciliatum,5,TRUE
26,2,Epilobium ciliatum,4,FALSE
26,2,Juncus bufonius,2,TRUE
26,2,Montia minor,4,TRUE
26,2,Poa annua,1,TRUE
26,2,Poa annua,9,FALSE
26,2,Sagina procumbens,1,FALSE
26,2,Senecio viscosus,1,FALSE
26,2,Solanum nigrum ssp. nigrum,3,FALSE
26,2,Solanum tuberosum 'Amandine',3,FALSE
26,2,Stellaria media,2,TRUE
26,2,Stellaria media,2,FALSE
26,3,Cardamine hirsuta,28,TRUE
26,3,Solanum tuberosum 'Amandine',4,FALSE
26,3,Stellaria media,11,TRUE
26,3,Stellaria media,9,FALSE
26,4,Cardamine hirsuta,37,TRUE
26,4,Chenopodium album,3,FALSE
26,4,Fallopia convolvolus,1,FALSE
26,4,Solanum tuberosum 'Amandine',2,TRUE
26,4,Stellaria media,1,FALSE
26,4,Urtica urens,4,FALSE
26,5,Cardamine hirsuta,2,TRUE
26,5,Chenopodium album,6,FALSE
26,5,Fallopia convolvolus,2,FALSE
26,5,Poa annua,2,TRUE
26,5,Stellaria media,5,FALSE
27,1,Cardamine hirsuta,4,TRUE
27,2,Cardamine hirsuta,12,TRUE
27,3,Cardamine hirsuta,2,TRUE
27,3,Chenopodiastrum murale,1,FALSE
27,4,Cardamine hirsuta,17,TRUE
27,5,Amaranthus viridis,1,FALSE
27,5,Cardamine hirsuta,47,TRUE
27,5,Juncus conglomeratus,1,FALSE
27,5,Sagina procumbens,1,TRUE
27,5,Solanum nigrum ssp. nigrum,1,FALSE
27,5,Sonchus oleraceus,1,FALSE
28,1,Cardamine hirsuta,39,TRUE
28,1,Poa annua,15,TRUE
28,1,Poa annua,2,FALSE
28,1,Portulaca oleracea,1,FALSE
28,1,Portulaca oleracea ssp. oleracea,1,TRUE
28,1,Sonchus oleraceus,2,FALSE
28,2,Amaranthus viridis,1,FALSE
28,2,Cardamine hirsuta,18,TRUE
28,2,Portulaca oleracea,2,FALSE
28,3,Cardamine hirsuta,5,TRUE
28,3,Poa annua,4,TRUE
28,3,Poa annua,4,FALSE
28,3,Sagina procumbens,1,TRUE
28,4,Cardamine hirsuta,3,TRUE
28,4,Cardamine hirsuta,50,FALSE
28,4,Draba muralis,1,TRUE
28,4,Euphorbia peplus,5,FALSE
28,4,Euphorbia serpens,1,FALSE
28,4,Oxalis corniculata,3,FALSE
28,4,Poa annua,3,TRUE
28,4,Radiola linoides,1,TRUE
28,4,Sonchus oleraceus,2,FALSE
28,4,Stellaria media,36,TRUE
28,4,Stellaria media,1,FALSE
28,4,Veronica peregrina,45,TRUE
28,5,Cardamine hirsuta,1,TRUE
28,5,Cardamine hirsuta,3,FALSE
28,5,Oxalis corniculata,1,FALSE
28,5,Poa annua,1,TRUE
28,5,Poa annua,1,FALSE
28,5,Stellaria media,52,TRUE
28,5,Stellaria media,9,FALSE
29,1,Cardamine hirsuta,10,TRUE
29,2,Cardamine hirsuta,30,TRUE
29,2,Cardamine hirsuta,5,FALSE
29,2,Poa annua,1,FALSE
29,2,Senecio vulgaris,1,FALSE
29,2,Stellaria media,1,TRUE
29,3,Cardamine hirsuta,18,TRUE
29,3,Chenopodiastrum murale,1,FALSE
29,4,Cardamine hirsuta,31,TRUE
29,4,Epilobium ciliatum,1,FALSE
29,5,Cardamine hirsuta,74,TRUE
30,1,Cardamine hirsuta,213,TRUE
30,1,Cardamine hirsuta,4,FALSE
30,1,Chenopodium album,10,FALSE
30,1,Sagina procumbens,3,TRUE
30,1,Senecio vulgaris,2,FALSE
30,2,Cardamine hirsuta,63,TRUE
30,2,Cardamine hirsuta,9,FALSE
30,2,Cirsium arvense,1,FALSE
30,2,Sagina procumbens,298,TRUE
30,2,Sagina procumbens,26,FALSE
30,3,Cardamine hirsuta,193,TRUE
30,3,Cardamine hirsuta,13,FALSE
30,3,Poa annua,4,FALSE
30,3,Sagina procumbens,46,TRUE
30,3,Sagina procumbens,6,FALSE
30,3,Senecio vulgaris,1,TRUE
30,3,Senecio vulgaris,1,FALSE
30,3,Solanum nigrum ssp. nigrum,1,FALSE
30,4,Betula pendula,1,FALSE
30,4,Cardamine hirsuta,17,TRUE
30,4,Cardamine hirsuta,1,FALSE
30,4,Euphorbia maculata,1,FALSE
30,5,Betula pendula,1,FALSE
30,5,Cardamine hirsuta,44,TRUE
30,5,Cardamine hirsuta,4,FALSE
30,5,Poa annua,2,FALSE
30,5,Sagina procumbens,46,TRUE
30,5,Sagina procumbens,35,FALSE
30,5,Senecio vulgaris,1,FALSE
31,1,Arabis thaliana,2,TRUE
31,1,Cardamine hirsuta,16,TRUE
31,1,Chaenorhinum minus,1,FALSE
31,1,Chenopodium album,3,FALSE
31,1,Chenopodium ficifolium,1,FALSE
31,1,Matricaria perforata,1,TRUE
31,1,Poa annua,1,TRUE
31,1,Rorippa sylvestris,1,FALSE
31,1,Sagina procumbens,1,FALSE
31,1,Senecio vulgaris,1,FALSE
31,2,Arabis thaliana,1376,TRUE
31,2,Arabis thaliana,3,FALSE
31,2,Cardamine hirsuta,29,TRUE
31,2,Cardamine hirsuta,1,FALSE
31,2,Chenopodium album,1,TRUE
31,2,Chenopodium album,27,FALSE
31,2,Conyza canadensis,6,FALSE
31,2,Fallopia convolvolus,1,FALSE
31,2,Poa annua,4,FALSE
31,2,Sagina procumbens,2,TRUE
31,2,Senecio vulgaris,1,FALSE
31,2,Solanum nigrum ssp. nigrum,1,FALSE
31,3,Arabis thaliana,5,TRUE
31,3,Cardamine hirsuta,10,TRUE
31,3,Cardamine hirsuta,3,FALSE
31,3,Chenopodium album,2,FALSE
31,3,Poa annua,3,FALSE
31,3,Sagina procumbens,9,TRUE
31,3,Sagina procumbens,13,FALSE
31,4,Arabis thaliana,1,FALSE
31,4,Cardamine hirsuta,17,TRUE
31,4,Chenopodiastrum murale,5,TRUE
31,4,Chenopodium album,2,FALSE
31,4,Cirsium vulgare,1,FALSE
31,4,Conyza canadensis,4,TRUE
31,4,Conyza canadensis,1,FALSE
31,4,Gnaphalium uliginosum,1,TRUE
31,4,Juncus bufonius,1,TRUE
31,4,Raphanus raphanistrum,2,FALSE
31,4,Solanum nigrum ssp. nigrum,1,FALSE
31,5,Cardamine hirsuta,15,TRUE
31,5,Chenopodiastrum murale,2,TRUE
31,5,Chenopodiastrum murale,3,FALSE
31,5,Chenopodium album,13,FALSE
31,5,Conyza canadensis,1,TRUE
31,5,Epilobium hirsutum,1,FALSE
31,5,Euphorbia serpens,1,FALSE
31,5,Stellaria media,1,FALSE
32,1,Cardamine hirsuta,17,TRUE
32,1,Cardamine hirsuta,1,FALSE
32,1,Cerastium glomeratum,1,TRUE
32,1,Euphorbia serpens,1,FALSE
32,1,Poa annua,1,FALSE
32,1,Sagina procumbens,3,TRUE
32,1,Sagina procumbens,2,FALSE
32,2,Cardamine hirsuta,179,TRUE
32,2,Cardamine hirsuta,2,FALSE
32,2,Sagina procumbens,1,TRUE
32,3,Cardamine hirsuta,85,TRUE
32,3,Cardamine hirsuta,3,FALSE
32,3,Chenopodiastrum murale,1,TRUE
32,3,Poa annua,1,TRUE
32,3,Sagina procumbens,21,TRUE
32,3,Sagina procumbens,20,FALSE
32,4,Arabis thaliana,2,TRUE
32,4,Cardamine hirsuta,21,TRUE
32,4,Cardamine hirsuta,2,FALSE
32,4,Poa annua,4,FALSE
32,4,Sagina procumbens,53,TRUE
32,4,Sagina procumbens,280,FALSE
32,4,Sonchus asper,2,FALSE
32,5,Alnus incana,1,FALSE
32,5,Cardamine hirsuta,15,TRUE
32,5,Sagina procumbens,6,TRUE
33,1,Cardamine hirsuta,44,TRUE
33,1,Cardamine hirsuta,1,FALSE
33,1,Chenopodium album,1,FALSE
33,1,Poa annua,17,FALSE
33,1,Stellaria media,1,FALSE
33,1,Urtica urens,3,TRUE
33,1,Urtica urens,2,FALSE
33,2,Cardamine hirsuta,139,TRUE
33,3,Arabis thaliana,1,TRUE
33,3,Cardamine hirsuta,93,TRUE
33,3,Cardamine hirsuta,3,FALSE
33,3,Chenopodium album,2,FALSE
33,3,Geranium pusilllum,1,FALSE
33,3,Poa annua,111,TRUE
33,3,Poa annua,110,FALSE
33,3,Sagina procumbens,3,FALSE
33,3,Senecio vulgaris,2,TRUE
33,3,Senecio vulgaris,2,FALSE
33,3,Solanum nigrum ssp. nigrum,2,FALSE
33,3,Stellaria media,3,TRUE
33,3,Stellaria media,3,FALSE
33,4,Cardamine hirsuta,32,TRUE
33,4,Cardamine hirsuta,2,FALSE
33,4,Chenopodium album,9,FALSE
33,4,Conyza canadensis,2,FALSE
33,4,Poa annua,57,TRUE
33,4,Poa annua,96,FALSE
33,4,Sagina procumbens,6,TRUE
33,4,Sagina procumbens,13,FALSE
33,4,Senecio vulgaris,1,TRUE
33,4,Senecio vulgaris,3,FALSE
33,4,Solanum nigrum ssp. nigrum,1,FALSE
33,4,Stellaria media,42,TRUE
33,4,Stellaria media,3,FALSE
33,5,Cardamine hirsuta,31,TRUE
33,5,Cardamine hirsuta,9,FALSE
33,5,Cerastium glomeratum,33,TRUE
33,5,Cerastium glomeratum,10,FALSE
33,5,Chenopodiastrum murale,2,TRUE
33,5,Epilobium ciliatum,1,TRUE
33,5,Poa annua,283,TRUE
33,5,Poa annua,19,FALSE
33,5,Senecio vulgaris,1,FALSE
33,5,Stellaria media,39,TRUE
33,5,Stellaria media,6,FALSE
34,1,Arabis thaliana,19,TRUE
34,1,Cardamine hirsuta,18,TRUE
34,1,Chenopodium album,19,FALSE
34,1,Poa annua,45,TRUE
34,1,Poa annua,2,FALSE
34,1,Senecio vulgaris,2,FALSE
34,1,Solanum nigrum ssp. nigrum,1,FALSE
34,1,Stellaria media,3,FALSE
34,2,Arabis thaliana,40,TRUE
34,2,Cardamine hirsuta,7,TRUE
34,2,Cerastium glomeratum,1,TRUE
34,2,Chenopodium album,3,FALSE
34,2,Matricaria perforata,3,TRUE
34,2,Poa annua,1,FALSE
34,2,Solanum nigrum ssp. nigrum,1,FALSE
34,2,Sonchus asper,1,FALSE
34,2,Sonchus oleraceus,2,FALSE
34,2,Stellaria media,1,TRUE
34,2,Stellaria media,1,FALSE
34,3,Arabis thaliana,11,TRUE
34,3,Cardamine hirsuta,18,TRUE
34,3,Chenopodium album,12,FALSE
34,3,Poa annua,2,TRUE
34,3,Poa annua,3,FALSE
34,3,Senecio vulgaris,5,FALSE
34,3,Solanum nigrum ssp. nigrum,4,FALSE
34,3,Sonchus asper,1,FALSE
34,3,Stellaria media,2,TRUE
34,4,Arabis thaliana,80,TRUE
34,4,Arabis thaliana,1,FALSE
34,4,Capsella bursa-pastoris,4,FALSE
34,4,Cardamine hirsuta,79,TRUE
34,4,Cardamine hirsuta,1,FALSE
34,4,Cerastium glomeratum,1,TRUE
34,4,Cerastium glomeratum,2,FALSE
34,4,Chenopodium album,41,FALSE
34,4,Conyza canadensis,4,TRUE
34,4,Conyza canadensis,4,FALSE
34,4,Galinsoga quadriradiata,2,TRUE
34,4,Matricaria perforata,2,TRUE
34,4,Poa annua,1,TRUE
34,4,Poa annua,2,FALSE
34,4,Senecio vulgaris,1,FALSE
34,4,Solanum nigrum ssp. nigrum,1,FALSE
34,4,Solanum tuberosum 'Amandine',1,FALSE
34,4,Stellaria media,1,TRUE
34,4,Stellaria media,1,FALSE
34,5,Arabis thaliana,637,TRUE
34,5,Arabis thaliana,9,FALSE
34,5,Capsella bursa-pastoris,17,FALSE
34,5,Cardamine hirsuta,29,TRUE
34,5,Cardamine hirsuta,9,FALSE
34,5,Cerastium glomeratum,3,FALSE
34,5,Chenopodium album,19,FALSE
34,5,Conyza canadensis,1,TRUE
34,5,Conyza canadensis,1,FALSE
34,5,Juncus filiformis,1,TRUE
34,5,Lepidotheca suaveolens,3,TRUE
34,5,Matricaria perforata,6,TRUE
34,5,Matricaria perforata,1,FALSE
34,5,Poa annua,4,FALSE
34,5,Solanum nigrum ssp. nigrum,3,FALSE
34,5,Stellaria media,1,TRUE
34,5,Stellaria media,1,FALSE
35,1,Arabis thaliana,3,TRUE
35,1,Cardamine hirsuta,18,TRUE
35,1,Cardamine hirsuta,1,FALSE
35,1,Chenopodium album,1,FALSE
35,1,Epilobium ciliatum,1,FALSE
35,1,Galinsoga parviflora,1,FALSE
35,1,Lepidotheca suaveolens,1,TRUE
35,1,Poa annua,4,FALSE
35,1,Senecio vulgaris,2,FALSE
35,1,Solanum nigrum ssp. nigrum,8,FALSE
35,2,Arabis thaliana,1,TRUE
35,2,Capsella bursa-pastoris,1,FALSE
35,2,Cardamine hirsuta,39,TRUE
35,2,Cerastium glomeratum,1,FALSE
35,2,Chenopodium album,2,TRUE
35,2,Chenopodium album,56,FALSE
35,2,Conyza canadensis,15,TRUE
35,2,Conyza canadensis,5,FALSE
35,2,Echinochloa crus-galli,3,FALSE
35,2,Epilobium ciliatum,1,TRUE
35,2,Epilobium ciliatum,2,FALSE
35,2,Poa annua,2,TRUE
35,2,Poa annua,8,FALSE
35,2,Rorippa sylvestris,1,FALSE
35,2,Senecio vulgaris,2,FALSE
35,2,Solanum nigrum ssp. nigrum,1,FALSE
35,2,Stellaria media,1,TRUE
35,3,Cardamine hirsuta,45,TRUE
35,3,Cardamine hirsuta,5,FALSE
35,3,Conyza canadensis,1,TRUE
35,3,Galinsoga parviflora,4,FALSE
35,3,Lepidotheca suaveolens,1,TRUE
35,3,Matricaria perforata,2,FALSE
35,3,Poa annua,51,TRUE
35,3,Poa annua,4,FALSE
35,3,Rumex acetosella ssp. acetosella,1,FALSE
35,3,Sagina procumbens,1,TRUE
35,3,Senecio vulgaris,1,FALSE
35,3,Solanum nigrum ssp. nigrum,1,FALSE
35,3,Stellaria media,1,TRUE
35,3,Urtica urens,1,FALSE
35,4,Capsella bursa-pastoris,1,FALSE
35,4,Cardamine hirsuta,90,TRUE
35,4,Poa annua,30,TRUE
35,4,Sagina procumbens,18,TRUE
35,4,Sagina procumbens,3,FALSE
35,4,Senecio vulgaris,8,FALSE
35,5,Arabis thaliana,2,TRUE
35,5,Cardamine hirsuta,366,TRUE
35,5,Cardamine hirsuta,4,FALSE
35,5,Conyza canadensis,1,TRUE
35,5,Conyza canadensis,1,FALSE
35,5,Galinsoga parviflora,1,FALSE
35,5,Lepidotheca suaveolens,2,TRUE
35,5,Poa annua,1,TRUE
35,5,Senecio vulgaris,4,FALSE
35,5,Sonchus asper,1,FALSE
35,5,Stellaria media,2,FALSE
36,1,Cerastium glomeratum,1,FALSE
36,1,Chenopodium album,1,TRUE
36,1,Juncus bufonius,1,FALSE
36,1,Oxalis corniculata,1,FALSE
36,1,Poa annua,5,FALSE
36,1,Sagina procumbens,1,FALSE
36,2,Cerastium glomeratum,3,FALSE
36,2,Chenopodium album,3,TRUE
36,2,Juncus bufonius,1,FALSE
36,2,Matricaria perforata,1,FALSE
36,2,Poa annua,1,FALSE
36,2,Rumex acetosella ssp. acetosella,1,FALSE
36,2,Sagina procumbens,1,TRUE
36,2,Sagina procumbens,2,FALSE
36,3,Agrostis gigantea,1,TRUE
36,3,Juncus bufonius,1,FALSE
36,3,Poa annua,2,FALSE
36,3,Ranunculus sceleratus,1,FALSE
36,3,Senecio vulgaris,1,FALSE
36,4,Calluna vulgaris,2,FALSE
36,4,Chenopodium album,1,TRUE
36,4,Juncus bufonius,1,TRUE
36,4,Juncus bufonius,1,FALSE
36,4,Poa annua,3,TRUE
36,4,Poa annua,41,FALSE
36,4,Stellaria media,2,FALSE
36,5,Fallopia convolvolus,1,TRUE
36,5,Oxalis corniculata,36,TRUE
36,5,Oxalis corniculata,142,FALSE
36,5,Oxalis dillenii,2,FALSE
36,5,Persicaria laphatifolia ssp. lapathifolia,1,TRUE
36,5,Poa annua,17,TRUE
36,5,Poa annua,22,FALSE
36,5,Sagina procumbens,2,TRUE
36,5,Senecio vulgaris,5,FALSE
36,5,Solanum nigrum ssp. nigrum,1,TRUE
36,5,Stellaria media,1,FALSE
37,1,Cardamine hirsuta,1,TRUE
37,1,Cardamine hirsuta,3,FALSE
37,1,Cirsium arvense,2,TRUE
37,1,Ilex,1,FALSE
37,1,Juncus bufonius,3,FALSE
37,1,Poa annua,1,FALSE
37,1,Senecio vulgaris,1,FALSE
37,1,Sonchus oleraceus,1,TRUE
37,2,Cardamine hirsuta,1,FALSE
37,2,Crepis tectorum,1,TRUE
37,2,Sagina procumbens,1,TRUE
37,2,Sagina procumbens,1,FALSE
37,3,Buddleia davidii,1,TRUE
37,3,Cardamine hirsuta,1,FALSE
37,3,Chenopodium album,2,TRUE
37,4,Chenopodium album,3,TRUE
37,4,Juncus bufonius,1,FALSE
37,4,Stellaria media,2,FALSE
37,5,Cardamine hirsuta,1,FALSE
37,5,Cerastium glomeratum,1,FALSE
37,5,Chenopodium album,1,FALSE
37,5,Poa annua,2,TRUE
37,5,Sagina procumbens,5,TRUE
37,5,Sagina procumbens,14,FALSE
38,1,Calluna vulgaris,1,FALSE
38,1,Cardamine hirsuta,1,FALSE
38,1,Poa annua,3,FALSE
38,1,Rumex acetosella ssp. acetosella,2,TRUE
38,1,Sagina procumbens,6,TRUE
38,1,Sagina procumbens,1,FALSE
38,2,Cerastium glomeratum,2,FALSE
38,2,Chenopodium album,3,TRUE
38,2,Chenopodium album,2,FALSE
38,2,Sagina procumbens,14,TRUE
38,2,Sagina procumbens,5,FALSE
38,2,Stellaria media,1,FALSE
38,3,Chenopodium album,2,FALSE
38,3,Persicaria laphatifolia ssp. lapathifolia,1,FALSE
38,3,Persicaria laphatifolia ssp. pallida,1,FALSE
38,3,Poa annua,1,TRUE
38,3,Poa annua,11,FALSE
38,3,Sagina procumbens,3,TRUE
38,3,Sagina procumbens,1,FALSE
38,3,Stellaria media,1,FALSE
38,4,Cerastium glomeratum,6,FALSE
38,4,Chenopodium polyspermum,1,FALSE
38,4,Parietaria officinalis,1,TRUE
38,4,Poa annua,1,FALSE
38,5,Capsella bursa-pastoris,1,TRUE
38,5,Chenopodium album,1,FALSE
38,5,Juncus bufonius,1,TRUE
38,5,Sagina procumbens,14,TRUE
38,5,Sagina procumbens,43,FALSE
38,5,Stellaria media,2,FALSE
39,1,Cardamine hirsuta,1,TRUE
39,1,Cardamine hirsuta,7,FALSE
39,1,Chenopodium album,2,FALSE
39,1,Oxalis corniculata,1,FALSE
39,1,Senecio vulgaris,1,FALSE
39,2,Cardamine hirsuta,2,FALSE
39,2,Poa annua,1,TRUE
39,3,Cardamine hirsuta,2,FALSE
39,3,Sagina procumbens,1,FALSE
39,4,Cerastium glomeratum,1,TRUE
39,5,Cardamine hirsuta,1,FALSE
39,5,Chenopodium album,1,TRUE
39,5,Poa annua,1,FALSE
39,5,Sagina procumbens,1,FALSE
40,1,Chenopodium album,1,FALSE
40,1,Matricaria perforata,1,FALSE
40,1,Poa annua,5,FALSE
40,2,Chenopodium album,1,FALSE
40,2,Epilobium ciliatum,1,FALSE
40,2,Poa annua,5,FALSE
40,2,Trifolium pratensis,1,TRUE
40,3,Cardamine hirsuta,2,FALSE
40,3,Juncus bufonius,1,FALSE
40,3,Juncus filiformis,1,TRUE
40,3,Poa annua,4,FALSE
40,4,Chenopodium album,4,TRUE
40,4,Poa annua,1,TRUE
40,4,Poa annua,2,FALSE
40,4,Sagina procumbens,1,TRUE
40,4,Sagina procumbens,1,FALSE
40,4,Senecio vulgaris,1,FALSE
40,5,Cardamine hirsuta,2,FALSE
40,5,Poa annua,2,FALSE
41,1,Cardamine hirsuta,1,TRUE
41,1,Cardamine hirsuta,23,FALSE
41,1,Chenopodium album,2,FALSE
41,1,Poa annua,1,FALSE
41,1,Sagina procumbens,16,TRUE
41,1,Sagina procumbens,53,FALSE
41,2,Betula pendula,1,TRUE
41,2,Cerastium glomeratum,2,FALSE
41,2,Poa annua,1,TRUE
41,2,Poa annua,3,FALSE
41,3,Cardamine hirsuta,3,TRUE
41,3,Cardamine hirsuta,11,FALSE
41,3,Epilobium ciliatum,1,TRUE
41,3,Ranunculus acris,1,TRUE
41,4,Chenopodium album,1,TRUE
41,5,Cardamine hirsuta,1,FALSE
41,5,Chenopodium album,1,FALSE
42,1,Chenopodium album,2,FALSE
42,1,Oxalis corniculata,1,TRUE
42,1,Poa annua,1,TRUE
42,1,Ranunculus sceleratus,1,FALSE
42,1,Sagina procumbens,1,TRUE
42,1,Stellaria media,6,FALSE
42,2,Juncus bufonius,1,FALSE
42,3,Betula pendula,2,TRUE
42,3,Juncus bufonius,1,FALSE
42,4,Cardamine hirsuta,1,TRUE
42,4,Chenopodium album,1,TRUE
42,4,Chenopodium album,1,FALSE
42,4,Epilobium ciliatum,1,FALSE
42,4,Juncus bufonius,1,FALSE
42,4,Persicaria laphatifolia ssp. lapathifolia,1,TRUE
42,4,Poa annua,3,FALSE
42,5,Chenopodium album,3,FALSE
42,5,Juncus bufonius,2,FALSE
42,5,Persicaria laphatifolia ssp. lapathifolia,1,TRUE
42,5,Poa nemoralis,1,FALSE
43,1,Chenopodium album,1,FALSE
43,1,Juncus bufonius,1,FALSE
43,1,Poa annua,1,FALSE
43,2,Epilobium ciliatum,1,FALSE
43,2,Epilobium roseum,2,FALSE
43,2,Juncus bufonius,1,FALSE
43,2,Poa annua,1,TRUE
43,2,Poa annua,6,FALSE
43,3,Betula pendula,1,TRUE
43,3,Chenopodium album,1,TRUE
43,3,Chenopodium album,4,FALSE
43,3,Poa annua,6,FALSE
43,4,Cerastium glomeratum,1,FALSE
43,4,Juncus bufonius,1,FALSE
43,4,Poa annua,5,FALSE
43,5,Cardamine hirsuta,1,FALSE
43,5,Chenopodium album,1,TRUE
43,5,Poa annua,3,TRUE
43,5,Poa annua,1,FALSE
43,5,Senecio vulgaris,1,FALSE
44,1,Chenopodium album,1,TRUE
44,1,Matricaria perforata,1,FALSE
44,1,Rumex acetosella ssp. acetosella,1,FALSE
44,1,Sonchus oleraceus,1,TRUE
44,2,Cerastium glomeratum,1,FALSE
44,2,Chenopodium album,2,FALSE
44,2,Juncus bufonius,3,FALSE
44,2,Poa annua,1,FALSE
44,2,Senecio vulgaris,1,FALSE
44,3,Cardamine hirsuta,1,FALSE
44,4,Chenopodium album,1,TRUE
44,4,Cirsium arvense,1,TRUE
44,4,Juncus bufonius,1,FALSE
44,4,Poa annua,1,FALSE
44,4,Senecio vulgaris,1,FALSE
44,5,Chenopodium album,2,FALSE
44,5,Rumex acetosella ssp. acetosella,1,FALSE
44,5,Senecio vulgaris,1,FALSE
44,5,Veronica serpyllifolia ssp. serpyllifolia,1,FALSE
45,1,Cardamine hirsuta,1,TRUE
45,2,Cardamine hirsuta,2,TRUE
45,2,Juncus bufonius,2,FALSE
45,3,Cardamine hirsuta,8,TRUE
45,3,Cardamine hirsuta,42,FALSE
45,3,Chenopodium album,1,FALSE
45,3,Clematis tangutica,1,TRUE
45,3,Coronopus didymus,1,FALSE
45,3,Juncus bufonius,1,FALSE
45,3,Poa annua,3,TRUE
45,3,Poa annua,1,FALSE
45,3,Sonchus oleraceus,1,FALSE
45,4,Cardamine hirsuta,1,TRUE
45,4,Cardamine hirsuta,10,FALSE
45,4,Chenopodium album,1,FALSE
45,4,Poa annua,5,FALSE
45,4,Stellaria media,1,FALSE
45,5,Cardamine hirsuta,30,TRUE
45,5,Cardamine hirsuta,72,FALSE
45,5,Cerastium fontanum,1,TRUE
45,5,Cerastium glomeratum,4,TRUE
45,5,Cerastium glomeratum,2,FALSE
45,5,Chenopodium album,1,TRUE
45,5,Chenopodium album,2,FALSE
45,5,Dittrichia viscosa,1,FALSE
45,5,Oxalis corniculata,4,FALSE
45,5,Parietaria officinalis,1,TRUE
45,5,Poa annua,1,FALSE
45,5,Sonchus oleraceus,1,FALSE
45,5,Stellaria media,5,TRUE
45,5,Stellaria media,3,FALSE
46,1,Arabis thaliana,1,TRUE
46,1,Betula pendula,1,TRUE
46,1,Betula pendula,2,FALSE
46,1,Cardamine hirsuta,11,TRUE
46,1,Juncus bufonius,3,FALSE
46,1,Plantago major ssp.major,1,FALSE
46,1,Sagina procumbens,1,FALSE
46,1,Solanum nigrum ssp. nigrum,10,FALSE
46,2,Cardamine hirsuta,4,TRUE
46,2,Cardamine hirsuta,3,FALSE
46,2,Chenopodium album,4,FALSE
46,2,Poa annua,4,FALSE
46,2,Solanum nigrum ssp. nigrum,1,FALSE
46,3,Agrostis capillaris,1,FALSE
46,3,Betula pendula,4,FALSE
46,3,Cardamine hirsuta,5,TRUE
46,3,Cardamine hirsuta,7,FALSE
46,3,Cerastium glomeratum,1,TRUE
46,3,Chenopodium album,1,FALSE
46,3,Oxalis corniculata,1,FALSE
46,3,Poa annua,1,TRUE
46,3,Poa annua,4,FALSE
46,3,Senecio vulgaris,1,FALSE
46,3,Solanum nigrum ssp. nigrum,1,FALSE
46,4,Arabis thaliana,1,TRUE
46,4,Arabis thaliana,3,FALSE
46,4,Capsella bursa-pastoris,1,TRUE
46,4,Cardamine hirsuta,11,TRUE
46,4,Chenopodium album,42,FALSE
46,4,Conyza canadensis,2,TRUE
46,4,Conyza canadensis,6,FALSE
46,4,Epilobium ciliatum,1,TRUE
46,4,Epilobium ciliatum,2,FALSE
46,4,Euphorbia peplus,1,FALSE
46,4,Juncus bufonius,1,FALSE
46,4,Matricaria chamomilla,2,TRUE
46,4,Mercurialis annua,13,FALSE
46,4,Oxalis corniculata,1,FALSE
46,4,Rorippa palustris,2,FALSE
46,4,Rorippa sylvestris,8,FALSE
46,4,Senecio vulgaris,4,FALSE
46,4,Sonchus oleraceus,2,FALSE
46,4,Taraxacum officinalis,1,FALSE
46,4,Urtica urens,32,FALSE
46,5,Betula pendula,1,FALSE
46,5,Capsella bursa-pastoris,1,TRUE
46,5,Cardamine hirsuta,3,TRUE
46,5,Chenopodium album,11,FALSE
46,5,Conyza canadensis,3,FALSE
46,5,Draba verna,1,TRUE
46,5,Epilobium ciliatum,1,FALSE
46,5,Geranium pusilllum,1,FALSE
46,5,Juncus bufonius,2,TRUE
46,5,Matricaria perforata,1,FALSE
46,5,Mercurialis annua,1,FALSE
46,5,Poa annua,4,FALSE
46,5,Ranunculus sceleratus,1,FALSE
46,5,Rorippa palustris,6,FALSE
46,5,Rorippa sylvestris,27,FALSE
46,5,Senecio vulgaris,2,FALSE
46,5,Solanum nigrum ssp. nigrum,1,FALSE
46,5,Sonchus asper,2,FALSE
46,5,Sonchus oleraceus,1,FALSE
46,5,Stellaria media,1,FALSE
46,5,Taraxacum officinalis,2,FALSE
46,5,Urtica urens,32,FALSE
47,1,Cardamine hirsuta,1,TRUE
47,1,Chenopodium album,2,TRUE
47,1,Chenopodium album,3,FALSE
47,1,Euphorbia chamaesyce,1,FALSE
47,2,Amaranthus cf. palmeri,8,FALSE
47,2,Coronopus didymus,1,FALSE
47,2,Euphorbia chamaesyce,1,FALSE
47,2,Euphorbia maculata,1,FALSE
47,2,Euphorbia serpens,1,FALSE
47,2,Juncus bufonius,1,FALSE
47,2,Portulaca oleracea ssp. sativa,2,FALSE
47,2,Sagina procumbens,2,TRUE
47,2,Sagina procumbens,4,FALSE
47,2,Veronica peregrina,1,TRUE
47,3,Agrostis canina,1,FALSE
47,3,Chenopodium album,1,TRUE
47,3,Festuca rubra,1,FALSE
47,3,Poa annua,3,FALSE
47,3,Sagina procumbens,1,FALSE
47,4,Cardamine hirsuta,1,TRUE
47,4,Cardamine hirsuta,6,FALSE
47,4,Matricaria perforata,1,FALSE
47,4,Sagina procumbens,1,TRUE
47,4,Senecio vulgaris,2,FALSE
47,4,Stellaria media,3,FALSE
47,5,Juncus bufonius,2,FALSE
48,1,Chenopodium album,2,TRUE
48,1,Chenopodium album,1,FALSE
48,1,Drymocallis rupestris,1,FALSE
48,1,Gnaphalium uliginosum,1,FALSE
48,2,Capsella bursa-pastoris,1,TRUE
48,2,Cardamine hirsuta,4,TRUE
48,2,Cardamine hirsuta,39,FALSE
48,2,Chenopodium album,1,TRUE
48,2,Euphorbia chamaesyce,2,TRUE
48,2,Euphorbia maculata,4,FALSE
48,2,Oxalis corniculata,4,TRUE
48,2,Oxalis corniculata,16,FALSE
48,2,Poa annua,4,TRUE
48,2,Poa annua,4,FALSE
48,2,Rosmarinus officinalis,2,FALSE
48,2,Senecio vulgaris,1,TRUE
48,2,Setaria verticillata,1,FALSE
48,3,Cardamine hirsuta,1,TRUE
48,3,Cardamine hirsuta,2,FALSE
48,3,Chenopodium album,1,TRUE
48,3,Chenopodium album,1,FALSE
48,3,Chenopodium ficifolium,2,FALSE
48,3,Mercurialis annua,1,FALSE
48,3,Poa annua,1,TRUE
48,3,Portulaca oleracea ssp. sativa,3,FALSE
48,3,Stellaria media,4,TRUE
48,3,Stellaria media,4,FALSE
48,4,Cardamine hirsuta,4,TRUE
48,4,Chenopodium album,1,FALSE
48,4,Chenopodium hircinum,1,TRUE
48,4,Chenopodium hircinum,1,FALSE
48,4,Rorippa palustris,1,FALSE
48,4,Urtica urens,1,FALSE
48,5,Cardamine hirsuta,4,TRUE
48,5,Cardamine hirsuta,1,FALSE
48,5,Sonchus oleraceus,1,TRUE
49,1,Amaranthus blitum,1,TRUE
49,1,Cardamine hirsuta,8,TRUE
49,1,Cardamine hirsuta,3,FALSE
49,1,Conyza canadensis,1,TRUE
49,1,Euphorbia maculata,1,FALSE
49,1,Juncus bufonius,1,FALSE
49,1,Portulaca oleracea ssp. sativa,1,FALSE
49,1,Sagina procumbens,2,FALSE
49,1,Sonchus oleraceus,1,FALSE
49,2,Cardamine hirsuta,3,TRUE
49,3,Amaranthus blitum,2,TRUE
49,3,Cardamine hirsuta,1,TRUE
49,3,Juncus bufonius,1,FALSE
49,3,Senecio vulgaris,1,TRUE
49,3,Stellaria media,2,TRUE
49,4,Amaranthus blitum,1,TRUE
49,4,Cardamine hirsuta,3,TRUE
49,5,Cardamine hirsuta,3,TRUE
49,5,Chenopodium album,1,FALSE
49,5,Persicaria laphatifolia ssp. lapathifolia,1,TRUE
49,5,Poa annua,1,FALSE
49,5,Portulaca oleracea ssp. sativa,2,FALSE
49,5,Sagina procumbens,1,FALSE
50,1,Cardamine hirsuta,2,TRUE
50,1,Cardamine hirsuta,4,FALSE
50,1,Poa nemoralis,1,FALSE
50,2,Cardamine hirsuta,1,FALSE
50,2,Juncus bufonius,3,FALSE
50,2,Poa annua,1,FALSE
50,2,Senecio vulgaris,2,FALSE
50,2,Stellaria media,1,FALSE
50,2,Urtica urens,1,FALSE
50,3,Agrostis capillaris,1,FALSE
50,3,Arabis thaliana,2,FALSE
50,3,Betula pendula,1,FALSE
50,3,Cardamine hirsuta,1,FALSE
50,3,Chenopodium album,1,TRUE
50,3,Chenopodium album,1,FALSE
50,3,Claytonia sibirica,1,TRUE
50,3,Conyza canadensis,3,TRUE
50,3,Conyza canadensis,2,FALSE
50,3,Epilobium ciliatum,1,FALSE
50,3,Juncus bufonius,1,FALSE
50,3,Poa annua,2,TRUE
50,3,Poa annua,5,FALSE
50,3,Solanum nigrum ssp. nigrum,2,FALSE
50,3,Sonchus asper,1,FALSE
50,3,Sonchus oleraceus,4,FALSE
50,4,Cardamine hirsuta,19,TRUE
50,4,Cerastium glomeratum,1,TRUE
50,4,Chenopodium album,2,FALSE
50,4,Chenopodium polyspermum,9,FALSE
50,4,Daucus carota ssp. carota,6,TRUE
50,4,Daucus carota ssp. carota,2,FALSE
50,4,Deschampsia cespitosa ssp. cespitosa,1,FALSE
50,4,Digitaria ischaemum,1,FALSE
50,4,Epilobium ciliatum,1,TRUE
50,4,Epilobium ciliatum,1,FALSE
50,4,Euphorbia,1,FALSE
50,4,Juncus bufonius,1,TRUE
50,4,Lythrum salicaria,3,FALSE
50,4,Oxybasis urbica,1,FALSE
50,4,Poa annua,1,FALSE
50,4,Portulaca oleracea ssp. sativa,1,FALSE
50,4,Rumex acetosella ssp. acetosella,1,FALSE
50,4,Sonchus asper,1,FALSE
50,4,Sonchus oleraceus,1,FALSE
50,5,Cardamine hirsuta,3,TRUE
50,5,Cardamine hirsuta,14,FALSE
50,5,Chenopodium album,1,FALSE
50,5,Senecio vulgaris,1,FALSE
51,1,Amaranthus cf. palmeri,1,FALSE
51,1,Cardamine hirsuta,12,FALSE
51,1,Cerastium glomeratum,1,TRUE
51,1,Chenopodium album,2,FALSE
51,1,Conyza canadensis,15,TRUE
51,1,Conyza canadensis,3,FALSE
51,1,Coronopus didymus,1,FALSE
51,1,Digitaria sanguinalis,1,FALSE
51,1,Echinochloa crus-galli,3,FALSE
51,1,Eclipta prostrata,3,FALSE
51,1,Epilobium ciliatum,1,TRUE
51,1,Gamochaeta pensylvanica,1,FALSE
51,1,Portulaca oleracea ssp. sativa,10,FALSE
51,1,Sagina procumbens,1,TRUE
51,1,Sonchus oleraceus,1,FALSE
51,1,Euphorbia chamaesyce,1,FALSE
51,2,Cardamine hirsuta,4,TRUE
51,2,Portulaca oleracea ssp. sativa,4,FALSE
51,3,Cardamine hirsuta,1,FALSE
51,3,Claytonia perfoliata,1,TRUE
51,3,Conyza canadensis,1,FALSE
51,3,Juncus bufonius,1,TRUE
51,4,Cardamine hirsuta,1,FALSE
51,4,Chenopodium album,1,TRUE
51,4,Chenopodium polyspermum,1,FALSE
51,4,Rumex acetosella ssp. acetosella,2,FALSE
51,5,Juncus bufonius,1,TRUE
52,1,Chenopodium album,2,FALSE
52,1,Conyza canadensis,1,FALSE
52,1,Poa annua,5,TRUE
52,1,Poa annua,2,FALSE
52,1,Rumex acetosella ssp. acetosella,1,FALSE
52,1,Sagina procumbens,1,FALSE
52,1,Stellaria media,1,FALSE
52,2,Betula pendula,6,FALSE
52,2,Cardamine hirsuta,1,TRUE
52,2,Carex canescens,1,FALSE
52,2,Lamium confertum,2,FALSE
52,2,Poa annua,45,TRUE
52,2,Poa annua,56,FALSE
52,2,Solanum nigrum ssp. nigrum,1,FALSE
52,2,Stellaria media,3,FALSE
52,3,Betula pendula,3,FALSE
52,3,Digitaria ischaemum,1,FALSE
52,3,Epilobium ciliatum,5,TRUE
52,3,Epilobium ciliatum,3,FALSE
52,3,Galinsoga parviflora,2,FALSE
52,3,Holcus lanatus,1,FALSE
52,3,Juncus compressus,1,FALSE
52,3,Poa annua,6,TRUE
52,3,Poa annua,3,FALSE
52,3,Rorippa palustris,2,FALSE
52,3,Rorippa sylvestris,5,FALSE
52,3,Rubus idaeus,1,TRUE
52,3,Sagina procumbens,2,TRUE
52,3,Sagina procumbens,8,FALSE
52,3,Senecio vulgaris,1,TRUE
52,3,Senecio vulgaris,17,FALSE
52,3,Sonchus asper,4,FALSE
52,3,Stellaria media,1,FALSE
52,3,Urtica urens,4,TRUE
52,3,Urtica urens,3,FALSE
52,4,Arabis thaliana,1,TRUE
52,4,Arabis thaliana,1,FALSE
52,4,Betula pendula,2,FALSE
52,4,Carex canescens,1,FALSE
52,4,Chenopodium album,4,FALSE
52,4,Conyza canadensis,1,FALSE
52,4,Daucus carota ssp. carota,1,FALSE
52,4,Epilobium ciliatum,2,TRUE
52,4,Epilobium ciliatum,1,FALSE
52,4,Gnaphalium uliginosum,1,FALSE
52,4,Juncus bufonius,1,TRUE
52,4,Poa annua,3,FALSE
52,4,Sagina procumbens,1,FALSE
52,4,Senecio vulgaris,1,FALSE
52,4,Sonchus asper,5,FALSE
52,4,Sonchus oleraceus,1,FALSE
52,5,Betula pendula,2,TRUE
52,5,Cardamine hirsuta,4,FALSE
52,5,Chenopodium album,1,TRUE
52,5,Chenopodium album,2,FALSE
52,5,Epilobium ciliatum,1,FALSE
52,5,Juncus bufonius,1,FALSE
52,5,Poa annua,1,FALSE
52,5,Ranunculus sceleratus,2,FALSE
53,1,Arabis thaliana,3,TRUE
53,1,Cardamine hirsuta,11,FALSE
53,1,Carex canescens,1,FALSE
53,1,Cerastium glomeratum,2,FALSE
53,1,Digitaria sanguinalis,1,FALSE
53,1,Epilobium ciliatum,1,TRUE
53,1,Epilobium ciliatum,3,FALSE
53,1,Juncus bufonius,1,FALSE
53,1,Persicaria laphatifolia ssp. pallida,1,FALSE
53,1,Sonchus asper,1,FALSE
53,1,Stellaria media,3,FALSE
53,1,Urtica urens,2,FALSE
53,2,Cardamine hirsuta,2,TRUE
53,2,Chenopodium album,1,TRUE
53,2,Matricaria perforata,1,FALSE
53,2,Ribes rubrum,1,TRUE
53,2,Rumex acetosella ssp. acetosella,2,FALSE
53,3,Cardamine hirsuta,3,TRUE
53,3,Cardamine hirsuta,6,FALSE
53,3,Chenopodium ficifolium,1,FALSE
53,3,Epilobium obscurum,3,FALSE
53,3,Euphorbia maculata,1,FALSE
53,3,Euphorbia serpens,1,FALSE
53,3,Juncus bufonius,1,FALSE
53,3,Juncus bulbosus,1,FALSE
53,3,Poa annua,1,TRUE
53,3,Rumex acetosella ssp. acetosella,1,FALSE
53,4,Cardamine hirsuta,5,TRUE
53,4,Carex canescens,1,FALSE
53,4,Euphorbia maculata,2,FALSE
53,4,Juncus bufonius,1,TRUE
53,4,Portulaca oleracea ssp. sativa,3,FALSE
53,5,Cardamine hirsuta,1,TRUE
53,5,Chenopodium album,1,TRUE
53,5,Juncus bufonius,1,FALSE
53,6,Calluna vulgaris,1,FALSE
53,6,Chenopodium album,2,TRUE
53,6,Stellaria media,1,TRUE
53,6,Stellaria media,12,FALSE
53,7,Calluna vulgaris,1,FALSE
53,7,Cardamine hirsuta,2,TRUE
53,7,Cardamine hirsuta,2,FALSE
53,7,Carex canescens,1,FALSE
53,7,Chenopodium album,2,TRUE
53,7,Cystopteris fragilis,2,TRUE
53,7,Taraxacum officinalis,1,FALSE
53,8,Agrostis capillaris,1,FALSE
53,8,Arabis thaliana,5,TRUE
53,8,Arabis thaliana,2,FALSE
53,8,Buddleia davidii,3,FALSE
53,8,Cardamine hirsuta,1,TRUE
53,8,Cardamine hirsuta,27,FALSE
53,8,Cerastium glomeratum,1,TRUE
53,8,Chenopodium album,2,FALSE
53,8,Epilobium ciliatum,4,FALSE
53,8,Juncus bufonius,1,TRUE
53,8,Matricaria chamomilla,2,TRUE
53,8,Poa annua,3,FALSE
53,8,Rorippa sylvestris,5,FALSE
53,8,Rubus idaeus,1,TRUE
53,8,Senecio vulgaris,1,TRUE
53,8,Senecio vulgaris,8,FALSE
53,8,Solanum nigrum ssp. nigrum,50,FALSE
53,8,Sonchus asper,1,FALSE
53,8,Stellaria media,7,TRUE
53,8,Stellaria media,18,FALSE
53,8,Taraxacum officinalis,1,FALSE
53,8,Urtica urens,1,FALSE
53,9,Agrostis stolonifera,1,FALSE
53,9,Cardamine hirsuta,3,TRUE
53,9,Cardamine hirsuta,1,FALSE
53,9,Chenopodium album,2,FALSE
53,9,Poa annua,3,FALSE
53,10,Arabis thaliana,8,TRUE
53,10,Arabis thaliana,3,FALSE
53,10,Cardamine hirsuta,1,TRUE
53,10,Cardamine hirsuta,4,FALSE
53,10,Cerastium glomeratum,1,TRUE
53,10,Cerastium glomeratum,1,FALSE
53,10,Chenopodium album,1,TRUE
53,10,Chenopodium album,1,FALSE
53,10,Draba verna,2,TRUE
53,10,Epilobium ciliatum,1,TRUE
53,10,Epilobium ciliatum,2,FALSE
53,10,Juncus bufonius,1,FALSE
53,10,Juncus filiformis,1,FALSE
53,10,Poa annua,2,TRUE
53,10,Poa annua,2,FALSE
53,10,Ranunculus sceleratus,4,FALSE
53,10,Senecio vulgaris,1,TRUE
53,11,Agrostis capillaris,1,FALSE
53,11,Cardamine hirsuta,7,TRUE
53,11,Cardamine hirsuta,5,FALSE
53,11,Carex canescens,1,FALSE
53,11,Chenopodium album,2,TRUE
53,11,Chenopodium album,2,FALSE
53,11,Polygonum arenastrum,1,TRUE
54,1,Cardamine hirsuta,4,TRUE
54,1,Cardamine hirsuta,1,FALSE
54,2,Cardamine hirsuta,1,TRUE
54,2,Draba verna,1,TRUE
54,2,Oxybasis glaucum,2,FALSE
54,2,Rumex acetosella ssp. acetosella,1,FALSE
54,2,Stellaria media,1,FALSE
54,3,Cardamine hirsuta,1,TRUE
54,3,Cardamine hirsuta,1,FALSE
54,4,Agrostis capillaris,1,FALSE
54,4,Arabis thaliana,1,TRUE
54,4,Cardamine hirsuta,10,TRUE
54,4,Cardamine hirsuta,11,FALSE
54,4,Cerastium glomeratum,2,TRUE
54,4,Chenopodium album,1,FALSE
54,4,Echinochloa crus-galli,1,FALSE
54,4,Epilobium ciliatum,1,TRUE
54,4,Epilobium ciliatum,10,FALSE
54,4,Juncus filiformis,1,FALSE
54,4,Rorippa palustris,3,FALSE
54,4,Rorippa sylvestris,12,FALSE
54,4,Stellaria media,3,FALSE
54,4,Viburnum opulus,1,TRUE
54,5,Cardamine hirsuta,1,TRUE
54,5,Stellaria media,1,FALSE
54,6,Cruciata cf. laevipes,1,TRUE
54,6,Poa annua,2,TRUE
54,7,Cardamine hirsuta,2,TRUE
54,7,Cardamine hirsuta,10,FALSE
54,8,Draba verna,4,TRUE
54,8,Poa annua,1,TRUE
54,9,Cardamine hirsuta,1,FALSE
55,1,Cardamine hirsuta,1,TRUE
55,3,Calluna vulgaris,2,TRUE
55,3,Cardamine hirsuta,1,TRUE
55,5,Arabis thaliana,5,TRUE
55,5,Arabis thaliana,1,FALSE
55,5,Calluna vulgaris,1,TRUE
55,5,Calluna vulgaris,1,FALSE
55,6,Capsella bursa-pastoris,1,FALSE
55,6,Cardamine hirsuta,3,TRUE
55,6,Cardamine hirsuta,5,FALSE
55,6,Juncus bufonius,1,FALSE
55,6,Veronica peregrina,1,FALSE
55,8,Cardamine hirsuta,23,TRUE
55,8,Cardamine hirsuta,15,FALSE
55,8,Cerastium glomeratum,1,TRUE
55,8,Euphorbia maculata,2,FALSE
55,8,Polycarpon tetraphyllum,6,TRUE
55,8,Portulaca oleracea ssp. sativa,10,FALSE
55,8,Rorippa sylvestris,1,TRUE
55,8,Sagina procumbens,1,TRUE
55,8,Senecio vulgaris,1,FALSE
55,8,Sonchus oleraceus,1,TRUE
55,8,Sonchus oleraceus,6,FALSE
55,8,Urtica urens,3,TRUE
55,8,Urtica urens,76,FALSE
55,9,Arabis thaliana,1,TRUE
55,9,Cardamine hirsuta,54,TRUE
55,9,Cardamine hirsuta,105,FALSE
55,9,Polycarpon tetraphyllum,1,TRUE
55,9,Senecio vulgaris,1,FALSE
55,9,Stellaria media,2,TRUE
55,9,Stellaria media,2,FALSE
55,10,Cardamine hirsuta,8,TRUE
55,10,Cardamine hirsuta,2,FALSE
55,10,Conyza canadensis,1,FALSE
55,10,Poa annua,2,FALSE
56,2,Cardamine hirsuta,3,FALSE
56,3,Echinochloa crus-galli,2,TRUE
56,4,Agrostis stolonifera,1,FALSE
56,4,Cardamine hirsuta,2,FALSE
56,4,Cerastium glomeratum,1,FALSE
56,4,Echinochloa crus-galli,5,TRUE
56,4,Epilobium ciliatum,2,TRUE
56,4,Epilobium ciliatum,12,FALSE
56,4,Juncus bufonius,1,FALSE
56,4,Poa annua,1,TRUE
56,4,Poa annua,5,FALSE
56,4,Rumex acetosella ssp. acetosella,3,FALSE
56,4,Spergula arvensis,1,FALSE
56,4,Viola arvensis,1,FALSE
56,5,Betula pendula,1,FALSE
56,5,Cardamine hirsuta,1,TRUE
56,5,Cardamine hirsuta,1,FALSE
56,5,Epilobium ciliatum,1,FALSE
56,5,Poa annua,1,TRUE
56,5,Poa annua,1,FALSE
56,6,Cardamine hirsuta,2,TRUE
56,7,Cardamine hirsuta,8,TRUE
56,7,Cardamine hirsuta,2,FALSE
56,7,Epilobium ciliatum,2,FALSE
56,7,Sagina procumbens,1,TRUE
56,8,Cardamine hirsuta,14,TRUE
56,8,Cardamine hirsuta,3,FALSE
56,8,Cerastium glomeratum,1,FALSE
57,1,Cardamine hirsuta,13,TRUE
57,1,Cardamine hirsuta,14,FALSE
57,1,Chenopodium album,2,FALSE
57,1,Coronopus didymus,3,FALSE
57,1,Epilobium ciliatum,5,FALSE
57,1,Poa annua,3,FALSE
57,1,Senecio vulgaris,19,FALSE
57,1,Solanum nigrum ssp. nigrum,1,FALSE
57,1,Sonchus oleraceus,2,FALSE
57,1,Taraxacum officinalis,1,FALSE
57,2,Calluna vulgaris,2,FALSE
57,2,Cardamine hirsuta,1,TRUE
57,2,Cardamine hirsuta,10,FALSE
57,2,Stellaria media,1,FALSE
57,3,Betula pendula,1,FALSE
57,3,Cardamine hirsuta,1,FALSE
57,4,Buddleia davidii,1,FALSE
57,4,Cardamine hirsuta,7,TRUE
57,4,Cardamine hirsuta,29,FALSE
57,5,Cardamine hirsuta,11,TRUE
57,5,Cardamine hirsuta,90,FALSE
57,5,Stellaria media,2,TRUE
57,6,Cardamine hirsuta,11,TRUE
57,6,Digitaria ischaemum,2,FALSE
57,6,Eleusine indica ssp. africana,1,FALSE
57,6,Lamium amplexicaule ssp. amplexicaule,1,TRUE
57,6,Poa annua,1,TRUE
57,6,Poa annua,1,FALSE
57,6,Portulaca oleracea ssp. sativa,2,FALSE
57,6,Sonchus oleraceus,1,TRUE
57,7,Cardamine hirsuta,13,TRUE
57,7,Cardamine hirsuta,14,FALSE
57,8,Cardamine hirsuta,6,TRUE
57,8,Cardamine hirsuta,2,FALSE
57,9,Cardamine hirsuta,10,TRUE
57,10,Buddleia davidii,1,FALSE
57,10,Cardamine hirsuta,17,TRUE
57,10,Cardamine hirsuta,34,FALSE
57,10,Poa annua,1,FALSE
58,1,Cardamine hirsuta,10,TRUE
58,2,Cardamine hirsuta,10,TRUE
58,2,Chenopodium album,1,TRUE
58,3,Cardamine hirsuta,17,TRUE
58,3,Cardamine hirsuta,5,FALSE
58,3,Poa annua,4,FALSE
58,3,Sonchus oleraceus,2,FALSE
58,4,Cardamine hirsuta,9,TRUE
58,4,Cardamine hirsuta,3,FALSE
58,4,Digitaria sanguinalis,1,FALSE
58,5,Cardamine hirsuta,4,TRUE
58,5,Cardamine hirsuta,2,FALSE
58,6,Calluna vulgaris,1,FALSE
58,6,Cardamine hirsuta,2,TRUE
58,7,Cardamine hirsuta,4,TRUE
58,7,Senecio vulgaris,1,FALSE
58,8,Cardamine hirsuta,7,TRUE
58,8,Cardamine hirsuta,1,FALSE
58,8,Olea cf. europaea,2,TRUE
58,9,Calluna vulgaris,3,FALSE
58,9,Cardamine hirsuta,1,FALSE
58,9,Stellaria media,1,TRUE
58,10,Persicaria maculosa,1,FALSE
59,1,Cardamine hirsuta,1,TRUE
59,1,Carex canescens,1,FALSE
59,1,Chenopodium album,1,FALSE
59,1,Poa annua,1,FALSE
59,1,Sagina procumbens,3,TRUE
59,1,Senecio vulgaris,3,TRUE
59,1,Sonchus oleraceus,3,TRUE
59,1,Sonchus oleraceus,4,FALSE
59,2,Cardamine hirsuta,7,TRUE
59,2,Cardamine hirsuta,10,FALSE
59,2,Chenopodium album,1,TRUE
59,2,Chenopodium album,2,FALSE
59,2,Juncus bufonius,1,FALSE
59,2,Poa annua,30,TRUE
59,2,Poa annua,6,FALSE
59,3,Agrostis stolonifera,1,FALSE
59,3,Cardamine hirsuta,4,TRUE
59,3,Chenopodium album,1,TRUE
59,3,Chenopodium album,2,FALSE
59,3,Persicaria laphatifolia ssp. lapathifolia,1,TRUE
59,4,Cardamine hirsuta,35,TRUE
59,4,Cardamine hirsuta,16,FALSE
59,4,Chenopodium album,3,TRUE
59,4,Poa annua,1,FALSE
59,4,Portulaca oleracea ssp. sativa,6,FALSE
59,4,Senecio vulgaris,1,FALSE
59,5,Cardamine hirsuta,1,FALSE
59,5,Chenopodium album,1,TRUE
59,5,Juncus bufonius,1,FALSE
59,5,Senecio vulgaris,1,FALSE
59,6,Cardamine hirsuta,10,FALSE
59,6,Poa annua,15,FALSE
59,6,Senecio vulgaris,1,FALSE
59,7,Agrostis capillaris,1,FALSE
59,7,Cardamine hirsuta,2,TRUE
59,7,Juncus bufonius,1,TRUE
59,8,Cardamine hirsuta,1,TRUE
59,8,Cardamine hirsuta,1,FALSE
59,9,Cardamine hirsuta,10,TRUE
59,9,Cardamine hirsuta,19,FALSE
59,9,Cerastium glomeratum,7,TRUE
59,9,Cerastium glomeratum,8,FALSE
59,9,Chenopodium polyspermum,2,FALSE
59,9,Juncus bufonius,1,FALSE
59,9,Poa annua,11,TRUE
59,9,Poa annua,34,FALSE
59,9,Ranunculus sceleratus,1,FALSE
59,9,Rumex acetosella ssp. acetosella,3,FALSE
59,9,Senecio vulgaris,2,FALSE
59,10,Cardamine hirsuta,3,TRUE
59,10,Cardamine hirsuta,4,FALSE
59,10,Chenopodium album,1,FALSE
60,3,Arabis thaliana,1,TRUE
60,3,Cardamine hirsuta,3,FALSE
60,3,Epilobium ciliatum,1,FALSE
60,3,Persicaria maculosa,1,FALSE
60,3,Sagina procumbens,1,FALSE
60,4,Capsella bursa-pastoris,1,FALSE
60,4,Cardamine hirsuta,1,FALSE
60,4,Poa annua,1,FALSE
60,5,Cardamine hirsuta,2,TRUE
60,5,Cardamine hirsuta,1,FALSE
60,6,Cardamine hirsuta,1,TRUE
60,6,Cardamine hirsuta,5,FALSE
60,6,Cerastium glomeratum,1,TRUE
60,6,Urtica urens,1,FALSE
60,7,Cardamine hirsuta,1,FALSE
60,8,Calluna vulgaris,2,FALSE
60,8,Cardamine hirsuta,1,FALSE
60,8,Chenopodium album,1,TRUE
60,8,Poa annua,1,FALSE
60,9,Cardamine hirsuta,3,TRUE
60,9,Cardamine hirsuta,17,FALSE
60,9,Coronopus didymus,1,TRUE
60,10,Arabis thaliana,1,TRUE
60,10,Arabis thaliana,1,FALSE
60,10,Cardamine hirsuta,4,TRUE
60,10,Cardamine hirsuta,9,FALSE
60,10,Cerastium glomeratum,1,FALSE
60,10,Chenopodium album,1,FALSE
60,10,Coronopus didymus,1,FALSE
60,10,Poa annua,11,TRUE
60,10,Poa annua,4,FALSE
60,10,Solanum nigrum ssp. nigrum,1,FALSE
60,10,Stellaria media,2,FALSE
60,10,Urtica urens,1,FALSE
61,1,Cardamine hirsuta,2,FALSE
61,1,Poa annua,7,TRUE
61,1,Sagina procumbens,1,FALSE
61,2,Cardamine hirsuta,2,TRUE
61,2,Cardamine hirsuta,2,FALSE
61,3,Cardamine hirsuta,4,TRUE
61,3,Cardamine hirsuta,11,FALSE
61,4,Cardamine hirsuta,4,TRUE
61,4,Cardamine hirsuta,8,FALSE
61,5,Cardamine hirsuta,1,TRUE
61,6,Amaranthus blitum,7,TRUE
61,6,Amaranthus blitum,2,FALSE
61,6,Arabis thaliana,1,TRUE
61,6,Cardamine hirsuta,1,TRUE
61,6,Cardamine hirsuta,13,FALSE
61,6,Chenopodium album,1,TRUE
61,6,Portulaca oleracea ssp. sativa,2,FALSE
61,6,Senecio vulgaris,1,TRUE
61,6,Solanum nigrum ssp. nigrum,1,FALSE
61,6,Sonchus oleraceus,1,TRUE
61,7,Calluna vulgaris,1,FALSE
61,7,Cardamine hirsuta,1,FALSE
61,8,Cardamine hirsuta,1,TRUE
61,9,Calluna vulgaris,1,FALSE
61,9,Cardamine hirsuta,1,TRUE
61,9,Cardamine hirsuta,6,FALSE
61,10,Cardamine hirsuta,2,FALSE
61,10,Senecio vulgaris,1,FALSE
