species_latin,container,subsample,amount
Oligochaeta spp.,62,1,1
Acari spp.,62,1,440
Diptera spp. juv.,62,1,1
Psocoptera spp.,62,1,1
Acari spp.,62,2,280
Aranae spp.,62,2,1
Diptera spp. juv.,62,2,1
Diptera spp.,62,2,1
Acari spp.,62,3,160
Diptera spp.,62,3,1
Acari spp.,62,4,520
Diptera spp.,62,4,1
Acari spp.,62,5,180
Parasitica spp.,62,5,1
Acari spp.,62,6,260
Diptera spp.,62,6,1
Acari spp.,62,7,120
Oligochaeta spp.,62,8,1
Acari spp.,62,8,820
Diptera spp. juv.,62,8,1
Diptera spp.,62,8,2
Temnothorax sp.,62,8,1
Acari spp.,62,9,920
Diptera spp. juv.,62,9,1
Diptera spp.,62,9,2
Acari spp.,62,10,120
Diptera spp. juv.,62,10,3
Acari spp.,63,1,380
Diptera spp. juv.,63,1,1
Oligochaeta spp.,63,2,2
Acari spp.,63,2,180
Acari spp.,63,3,240
Diptera spp. juv.,63,3,23
Diptera spp.,63,3,1
Oligochaeta spp.,63,4,9
Acari spp.,63,4,2432
Aranae spp.,63,4,3
Diptera spp. juv.,63,4,16
Coccioidea spp. juv. and adult,63,4,7
Hypoponera sp.,63,4,1
Chilopoda spp.,63,4,5
Oligochaeta spp.,63,5,7
Acari spp.,63,5,20
Diptera spp. juv.,63,5,25
Nematoda spp.,63,5,1
Acari spp.,63,6,320
Aranae spp.,63,6,1
Diptera spp. juv.,63,6,30
Diptera spp.,63,6,1
Oligochaeta spp.,63,7,2
Acari spp.,63,7,640
Aranae spp.,63,7,1
Diptera spp. juv.,63,7,41
Diptera spp.,63,7,1
Acari spp.,63,8,28
Diptera spp. juv.,63,8,111
Chilopoda spp.,63,8,1
Nematoda spp.,63,8,3
Oligochaeta spp.,63,9,31
Acari spp.,63,9,2240
Diptera spp. juv.,63,9,33
Diptera spp.,63,9,1
Coccioidea spp. juv. and adult,63,9,1
Chilopoda spp.,63,9,1
Oxidus gracilus,63,9,1
Acari spp.,63,10,40
Diptera spp. juv.,63,10,63
Chilopoda spp.,63,10,1
Nematoda spp.,63,10,4
Oligochaeta spp.,64,1,50
Acari spp.,64,1,220
Aranae spp.,64,1,1
Diptera spp. juv.,64,1,194
Diptera spp.,64,1,2
Aphiodoidea spp. juv. and adult,64,1,1
Aucheorrhyncha spp.,64,1,1
Aucheorrhyncha spp. juv.,64,1,9
Oligochaeta spp.,64,2,4
Acari spp.,64,2,108
Aranae spp.,64,2,2
Diptera spp. juv.,64,2,15
Diptera spp.,64,2,1
Parasitica spp.,64,2,1
Lepidoptera spp.,64,2,1
Acari spp.,64,3,336
Diptera spp. juv.,64,3,5
Diptera spp.,64,3,4
Parasitica spp.,64,3,1
Thysanoptera spp. juv.,64,3,1
Oligochaeta spp.,64,4,21
Acari spp.,64,4,240
Diptera spp. juv.,64,4,45
Diptera spp.,64,4,3
Parasitica spp.,64,4,1
Chilopoda spp.,64,4,4
Oligochaeta spp.,64,5,4
Acari spp.,64,5,28
Diptera spp. juv.,64,5,110
Diptera spp.,64,5,11
Parasitica spp.,64,5,2
Chilopoda spp.,64,5,1
Oligochaeta spp.,64,6,26
Acari spp.,64,6,104
Diptera spp. juv.,64,6,7
Diptera spp.,64,6,3
Oligochaeta spp.,64,7,6
Acari spp.,64,7,430
Diptera spp. juv.,64,7,6
Diptera spp.,64,7,2
Parasitica spp.,64,7,2
Chilopoda spp.,64,7,10
Diplopoda spp.,64,7,2
Oxidus gracilus,64,7,2
Oligochaeta spp.,64,8,52
Acari spp.,64,8,176
Aranae spp.,64,8,9
Diptera spp. juv.,64,8,262
Diptera spp.,64,8,1
Parasitica spp.,64,8,1
Thysanoptera spp. juv.,64,8,1
Chilopoda spp.,64,8,7
Nematoda spp.,64,8,5
Oligochaeta spp.,64,9,7
Acari spp.,64,9,80
Diptera spp. juv.,64,9,74
Diptera spp.,64,9,5
Parasitica spp.,64,9,1
Oligochaeta spp.,64,10,21
Acari spp.,64,10,60
Aranae spp.,64,10,2
Diptera spp. juv.,64,10,11
Diptera spp.,64,10,4
Oligochaeta spp.,65,1,25
Acari spp.,65,1,40
Aranae spp.,65,1,2
Diptera spp. juv.,65,1,101
Diptera spp.,65,1,1
Gastropoda spp.,65,1,1
Oligochaeta spp.,65,2,1
Acari spp.,65,2,228
Aranae spp.,65,2,2
Diptera spp. juv.,65,2,262
Acari spp.,65,3,328
Diptera spp. juv.,65,3,5
Nematoda spp.,65,3,2
Oligochaeta spp.,65,4,5
Acari spp.,65,4,320
Aranae spp.,65,4,1
Oniscidea spp.,65,4,1
Diptera spp. juv.,65,4,1
Diptera spp.,65,4,1
Thysanoptera spp.,65,4,1
Thysanoptera spp. juv.,65,4,7
Chilopoda spp.,65,4,1
Diplopoda spp.,65,4,2
Gastropoda spp.,65,4,1
Oligochaeta spp.,65,5,3
Acari spp.,65,5,44
Diptera spp. juv.,65,5,6
Diptera spp.,65,5,1
Acari spp.,65,6,42
Acari spp.,65,7,372
Diptera spp. juv.,65,7,10
Diptera spp.,65,7,2
Oligochaeta spp.,65,8,1
Acari spp.,65,8,4
Diptera spp. juv.,65,8,6
Diptera spp.,65,8,1
Chilopoda spp.,65,8,2
Acari spp.,65,9,160
Diptera spp. juv.,65,9,2
Diptera spp.,65,9,2
Acari spp.,65,10,228
Aranae spp.,65,10,1
Diptera spp. juv.,65,10,70
Diptera spp.,65,10,2
Oligochaeta spp.,66,1,33
Acari spp.,66,1,5520
Aranae spp.,66,1,1
Oniscidea spp.,66,1,1
Diptera spp. juv.,66,1,1
Lepidoptera spp. juv.,66,1,1
Oligochaeta spp.,66,2,3
Acari spp.,66,2,1120
Diptera spp. juv.,66,2,5
Aucheorrhyncha spp. juv.,66,2,1
Chilopoda spp.,66,2,1
Diplopoda spp.,66,2,1
Oligochaeta spp.,66,3,42
Acari spp.,66,3,880
Diptera spp. juv.,66,3,25
Diptera spp.,66,3,3
Oligochaeta spp.,66,4,2
Acari spp.,66,4,2112
Aranae spp.,66,4,1
Diptera spp. juv.,66,4,26
Diptera spp.,66,4,1
Parasitica spp.,66,4,1
Chilopoda spp.,66,4,1
Diplopoda spp.,66,4,1
Oligochaeta spp.,66,5,13
Acari spp.,66,5,64
Diptera spp. juv.,66,5,83
Psocoptera spp.,66,5,1
Chilopoda spp.,66,5,2
Oligochaeta spp.,66,6,53
Acari spp.,66,6,1296
Coccioidea spp. juv. and adult,66,6,1
Diplopoda spp.,66,6,16
Oligochaeta spp.,66,7,6
Acari spp.,66,7,368
Aranae spp.,66,7,1
Diptera spp. juv.,66,7,225
Oligochaeta spp.,66,8,9
Acari spp.,66,8,28
Diptera spp. juv.,66,8,3
Acari spp.,66,9,8000
Diptera spp.,66,9,1
Acari spp.,66,10,168
Diptera spp. juv.,66,10,1
Oligochaeta spp.,67,1,1
Acari spp.,67,1,160
Aranae spp.,67,1,1
Diptera spp. juv.,67,1,30
Diptera spp.,67,1,15
Aucheorrhyncha spp. juv.,67,1,1
Parasitica spp.,67,1,37
Acari spp.,67,2,80
Diptera spp. juv.,67,2,28
Diptera spp.,67,2,25
Parasitica spp.,67,2,19
Chilopoda spp.,67,2,1
Oligochaeta spp.,67,3,3
Acari spp.,67,3,320
Diptera spp. juv.,67,3,1
Diptera spp.,67,3,6
Chilopoda spp.,67,3,6
Oligochaeta spp.,67,4,2
Acari spp.,67,4,96
Diptera spp. juv.,67,4,36
Diptera spp.,67,4,5
Heteroptera spp.,67,4,1
Parasitica spp.,67,4,1
Gastropoda spp.,67,4,1
Oligochaeta spp.,67,5,6
Acari spp.,67,5,256
Diptera spp. juv.,67,5,158
Diptera spp.,67,5,5
Oligochaeta spp.,67,6,2
Acari spp.,67,6,880
Aranae spp.,67,6,1
Diptera spp. juv.,67,6,9
Diptera spp.,67,6,1
Chilopoda spp.,67,6,3
Oxidus gracilus,67,6,2
Gastropoda spp.,67,6,1
Oligochaeta spp.,67,7,1
Acari spp.,67,7,208
Diptera spp. juv.,67,7,668
Diptera spp.,67,7,5
Aphiodoidea spp. juv. and adult,67,7,1
Linepithema humile,67,7,1
Parasitica spp.,67,7,3
Acari spp.,67,8,1600
Aranae spp.,67,8,1
Oniscidea spp.,67,8,1
Diptera spp. juv.,67,8,18
Diptera spp.,67,8,1
Chilopoda spp.,67,8,3
Diplopoda spp.,67,8,4
Acari spp.,67,9,408
Aranae spp.,67,9,2
Diptera spp. juv.,67,9,57
Diptera spp.,67,9,20
Parasitica spp.,67,9,7
Oligochaeta spp.,67,10,3
Acari spp.,67,10,832
Aranae spp.,67,10,2
Diptera spp. juv.,67,10,2
Diptera spp.,67,10,1
Aphiodoidea spp. juv. and adult,67,10,1
Parasitica spp.,67,10,1
Lepidoptera spp. juv.,67,10,1
Chilopoda spp.,67,10,5
Oligochaeta spp.,68,1,10
Acari spp.,68,1,560
Diptera spp. juv.,68,1,13
Chilopoda spp.,68,1,1
Diplopoda spp.,68,1,3
Oligochaeta spp.,68,2,21
Acari spp.,68,2,48000
Diptera spp. juv.,68,2,10
Parasitica spp.,68,2,1
Acari spp.,68,3,88
Aranae spp.,68,3,7
Diptera spp. juv.,68,3,103
Parasitica spp.,68,3,2
Lepidoptera spp. juv.,68,3,1
Oligochaeta spp.,68,4,16
Acari spp.,68,4,832
Diptera spp. juv.,68,4,37
Diptera spp.,68,4,1
Oligochaeta spp.,68,5,9
Acari spp.,68,5,120
Diptera spp. juv.,68,5,112
Oligochaeta spp.,68,6,20
Acari spp.,68,6,50
Diptera spp. juv.,68,6,22
Nematoda spp.,68,6,1
Oligochaeta spp.,68,7,12
Acari spp.,68,7,56
Diplopoda spp.,68,7,1
Nematoda spp.,68,7,7
Oligochaeta spp.,68,8,6
Acari spp.,68,8,66
Diptera spp.,68,8,1
Nematoda spp.,68,8,4
Acari spp.,68,9,104
Aranae spp.,68,9,2
Diptera spp. juv.,68,9,41
Parasitica spp.,68,9,1
Oligochaeta spp.,68,10,27
Acari spp.,68,10,48
Diptera spp. juv.,68,10,5
Oligochaeta spp.,69,1,6
Acari spp.,69,1,336
Aranae spp.,69,1,2
Diptera spp. juv.,69,1,6
Aucheorrhyncha spp. juv.,69,1,3
Chilopoda spp.,69,1,3
Diplopoda spp.,69,1,1
Oligochaeta spp.,69,2,32
Acari spp.,69,2,1168
Aranae spp.,69,2,1
Diptera spp. juv.,69,2,6
Diptera spp.,69,2,1
Aphiodoidea spp. juv. and adult,69,2,1
Chilopoda spp.,69,2,5
Oligochaeta spp.,69,3,1
Acari spp.,69,3,432
Aranae spp.,69,3,2
Diptera spp. juv.,69,3,100
Diptera spp.,69,3,5
Aphiodoidea spp. juv. and adult,69,3,2
Heteroptera spp.,69,3,1
Acari spp.,69,4,480
Diptera spp. juv.,69,4,15
Diptera spp.,69,4,4
Aphiodoidea spp. juv. and adult,69,4,1
Thysanoptera spp.,69,4,1
Acari spp.,69,5,1040
Diptera spp. juv.,69,5,6
Parasitica spp.,69,5,1
Thysanoptera spp. juv.,69,5,1
Chilopoda spp.,69,5,13
Acari spp.,69,6,240
Aranae spp.,69,6,3
Diptera spp. juv.,69,6,17
Diptera spp.,69,6,1
Chilopoda spp.,69,6,5
Oligochaeta spp.,69,7,89
Acari spp.,69,7,640
Aranae spp.,69,7,1
Diptera spp. juv.,69,7,3
Diptera spp.,69,7,1
Parasitica spp.,69,7,1
Chilopoda spp.,69,7,2
Gastropoda spp.,69,7,1
Oligochaeta spp.,69,8,7
Acari spp.,69,8,560
Aranae spp.,69,8,1
Diptera spp. juv.,69,8,15
Diptera spp.,69,8,1
Aphiodoidea spp. juv. and adult,69,8,2
Parasitica spp.,69,8,1
Thysanoptera spp. juv.,69,8,3
Acari spp.,69,9,480
Diptera spp. juv.,69,9,9
Diptera spp.,69,9,1
Aphiodoidea spp. juv. and adult,69,9,1
Thysanoptera spp. juv.,69,9,2
Oligochaeta spp.,69,10,2
Acari spp.,69,10,192
Diptera spp. juv.,69,10,6
Diptera spp.,69,10,1
Aucheorrhyncha spp. juv.,69,10,1
Thysanoptera spp. juv.,69,10,1
Oligochaeta spp.,70,1,97
Acari spp.,70,1,208
Diptera spp. juv.,70,1,2
Chilopoda spp.,70,1,1
Diplopoda spp.,70,1,1
Gastropoda spp.,70,1,5
Oligochaeta spp.,70,2,4
Acari spp.,70,2,1840
Diptera spp. juv.,70,2,8
Diptera spp.,70,2,2
Parasitica spp.,70,2,1
Oligochaeta spp.,70,3,21
Acari spp.,70,3,320
Diptera spp. juv.,70,3,107
Diptera spp.,70,3,1
Thysanoptera spp. juv.,70,3,1
Acari spp.,70,4,48
Aranae spp.,70,4,1
Oligochaeta spp.,70,5,61
Acari spp.,70,5,40
Diptera spp. juv.,70,5,3
Chilopoda spp.,70,5,1
Nematoda spp.,70,5,6
Oligochaeta spp.,70,6,17
Acari spp.,70,6,228
Aranae spp.,70,6,3
Oniscidea spp.,70,6,5
Diptera spp. juv.,70,6,5
Diplopoda spp.,70,6,1
Nematoda spp.,70,6,1
Oligochaeta spp.,70,7,9
Acari spp.,70,7,7040
Oniscidea spp.,70,7,1
Diptera spp. juv.,70,7,3
Diptera spp.,70,7,3
Parasitica spp.,70,7,1
Diplopoda spp.,70,7,6
Oligochaeta spp.,70,8,16
Acari spp.,70,8,560
Diptera spp. juv.,70,8,39
Oligochaeta spp.,70,9,4
Acari spp.,70,9,48
Diptera spp. juv.,70,9,1
Oligochaeta spp.,70,10,41
Acari spp.,70,10,180
Diptera spp. juv.,70,10,6
Diplopoda spp.,70,10,2
Gastropoda spp.,70,10,2
Nematoda spp.,70,10,20
Oligochaeta spp.,71,1,35
Acari spp.,71,1,3
Diptera spp. juv.,71,1,1
Chilopoda spp.,71,1,2
Nematoda spp.,71,1,4
Oligochaeta spp.,71,2,8
Acari spp.,71,2,9
Aranae spp.,71,2,1
Diptera spp. juv.,71,2,1
Chilopoda spp.,71,2,1
Oligochaeta spp.,71,3,28
Acari spp.,71,3,80
Diptera spp. juv.,71,3,1
Diptera spp.,71,3,2
Chilopoda spp.,71,3,1
Oligochaeta spp.,71,4,15
Acari spp.,71,4,30
Nematoda spp.,71,4,2
Oligochaeta spp.,71,5,3
Acari spp.,71,5,32
Oniscidea spp.,71,5,1
Diplopoda spp.,71,5,2
Oligochaeta spp.,71,6,6
Acari spp.,71,6,24
Diptera spp.,71,6,1
Parasitica spp.,71,6,1
Oligochaeta spp.,71,7,4
Acari spp.,71,7,50
Diptera spp. juv.,71,7,29
Chilopoda spp.,71,7,1
Oligochaeta spp.,71,8,24
Acari spp.,71,8,120
Diptera spp. juv.,71,8,6
Chilopoda spp.,71,8,1
Diplopoda spp.,71,8,1
Oligochaeta spp.,71,9,2
Acari spp.,71,9,36
Oligochaeta spp.,71,10,18
Acari spp.,71,10,24
Diptera spp. juv.,71,10,2
Nematoda spp.,71,10,17
Oligochaeta spp.,72,1,1
Acari spp.,72,1,120
Hypoponera sp.,72,1,1
Acari spp.,72,2,18
Aranae spp.,72,2,1
Diptera spp.,72,2,1
Acari spp.,72,3,170
Diptera spp.,72,3,1
Oligochaeta spp.,72,4,61
Acari spp.,72,4,1200
Aranae spp.,72,4,1
Diptera spp. juv.,72,4,9
Oligochaeta spp.,72,5,50
Acari spp.,72,5,300
Diptera spp. juv.,72,5,2
Diptera spp.,72,5,1
Chilopoda spp.,72,5,2
Oligochaeta spp.,72,6,67
Acari spp.,72,6,480
Diptera spp. juv.,72,6,14
Chilopoda spp.,72,6,1
Oligochaeta spp.,72,7,1
Acari spp.,72,7,1312
Aranae spp.,72,7,1
Diptera spp. juv.,72,7,5
Parasitica spp.,72,7,1
Acari spp.,72,8,12480
Diptera spp. juv.,72,8,1
Diptera spp.,72,8,1
Thysanoptera spp.,72,8,3
Oligochaeta spp.,72,9,60
Acari spp.,72,9,1792
Diptera spp. juv.,72,9,12
Diptera spp.,72,9,1
Oligochaeta spp.,72,10,5
Acari spp.,72,10,300
Diptera spp. juv.,72,10,2
Aphiodoidea spp. juv. and adult,72,10,1
Lepidoptera spp. juv.,72,10,1
Chilopoda spp.,72,10,6
Diplopoda spp.,72,10,1
Oxidus gracilus,72,10,3
Gastropoda spp.,72,10,1
Oligochaeta spp.,73,1,1
Acari spp.,73,1,216
Aranae spp.,73,1,4
Diptera spp. juv.,73,1,15
Diptera spp.,73,1,6
Heteroptera spp. juv,73,1,3
Parasitica spp.,73,1,2
Acari spp.,73,2,50
Diptera spp.,73,2,1
Parasitica spp.,73,2,1
Acari spp.,73,3,24
Diptera spp.,73,3,3
Oligochaeta spp.,73,4,2
Acari spp.,73,4,512
Aranae spp.,73,4,2
Diptera spp. juv.,73,4,57
Parasitica spp.,73,4,3
Gastropoda spp.,73,4,1
Acari spp.,73,5,832
Aranae spp.,73,5,1
Diptera spp. juv.,73,5,51
Diptera spp.,73,5,1
Parasitica spp.,73,5,5
Neuroptera spp.,73,5,1
Oligochaeta spp.,73,6,5
Acari spp.,73,6,2080
Aranae spp.,73,6,1
Diptera spp. juv.,73,6,162
Diptera spp.,73,6,4
Oligochaeta spp.,73,7,1
Acari spp.,73,7,2060
Aranae spp.,73,7,8
Diptera spp. juv.,73,7,126
Diptera spp.,73,7,2
Aphiodoidea spp. juv. and adult,73,7,3
Oligochaeta spp.,73,8,2
Acari spp.,73,8,7520
Aranae spp.,73,8,1
Diptera spp. juv.,73,8,35
Diptera spp.,73,8,3
Aphiodoidea spp. juv. and adult,73,8,4
Parasitica spp.,73,8,4
Acari spp.,73,9,328
Aranae spp.,73,9,2
Diptera spp. juv.,73,9,32
Parasitica spp.,73,9,7
Thysanoptera spp. juv.,73,9,1
Acari spp.,73,10,48
Aranae spp.,73,10,1
Diptera spp. juv.,73,10,1
Diptera spp.,73,10,1
Diptera spp.,74,1,1
Oligochaeta spp.,74,2,1
Diptera spp. juv.,74,2,1
Diptera spp.,74,2,1
Oligochaeta spp.,74,3,2
Diptera spp.,74,3,3
Gastropoda spp.,74,5,1
Diptera spp.,74,6,1
Oligochaeta spp.,74,7,4
Diptera spp. juv.,74,7,1
Oligochaeta spp.,74,9,1
Oligochaeta spp.,74,10,1
Diptera spp. juv.,74,10,1
Oligochaeta spp.,75,1,60
Oligochaeta spp.,75,2,10
Diptera spp. juv.,75,2,79
Aranae spp.,75,3,1
Diptera spp. juv.,75,3,1
Diptera spp.,75,3,2
Diptera spp. juv.,75,4,25
Diplopoda spp.,75,4,1
Oligochaeta spp.,75,5,4
Aranae spp.,75,5,1
Diptera spp. juv.,75,5,5
Diptera spp.,75,5,2
Oligochaeta spp.,75,6,4
Diptera spp. juv.,75,6,11
Gastropoda spp.,75,6,1
Oligochaeta spp.,75,7,19
Diptera spp. juv.,75,7,8
Oligochaeta spp.,75,8,3
Oligochaeta spp.,75,9,8
Oniscidea spp.,75,9,1
Diptera spp. juv.,75,9,26
Oligochaeta spp.,75,10,6
Diptera spp. juv.,76,1,1
Oligochaeta spp.,76,2,1
Oligochaeta spp.,76,3,10
Aranae spp.,76,3,1
Diptera spp. juv.,76,3,2
Oligochaeta spp.,76,4,18
Aranae spp.,76,4,5
Diptera spp. juv.,76,4,3
Gastropoda spp.,76,4,1
Diptera spp. juv.,76,5,1
Diptera spp.,76,5,1
Lepidoptera spp.,76,5,1
Oligochaeta spp.,76,6,5
Diptera spp. juv.,76,6,2
Diptera spp.,76,6,2
Diptera spp. juv.,76,7,1
Oligochaeta spp.,76,8,8
Aranae spp.,76,8,1
Diptera spp.,76,9,1
Aranae spp.,76,10,1
Diptera spp.,76,10,1
Oligochaeta spp.,77,1,13
Diptera spp. juv.,77,1,3
Chilopoda spp.,77,1,1
Oligochaeta spp.,77,2,53
Diptera spp.,77,2,1
Lepidoptera spp.,77,2,1
Oligochaeta spp.,77,3,48
Lepidoptera spp.,77,3,1
Oligochaeta spp.,77,4,44
Aranae spp.,77,4,3
Diptera spp.,77,4,1
Aphiodoidea spp. juv. and adult,77,4,1
Oligochaeta spp.,77,5,152
Diptera spp. juv.,77,5,2
Oligochaeta spp.,77,6,41
Oligochaeta spp.,77,7,27
Aranae spp.,77,7,1
Diptera spp. juv.,77,7,6
Nematoda spp.,77,7,3
Oligochaeta spp.,77,8,23
Aphiodoidea spp. juv. and adult,77,8,1
Oligochaeta spp.,77,9,3
Oligochaeta spp.,77,10,56
Diptera spp. juv.,77,10,1
Oligochaeta spp.,78,1,9
Diptera spp. juv.,78,1,3
Oligochaeta spp.,78,2,45
Diptera spp. juv.,78,2,124
Parasitica spp.,78,2,1
Oligochaeta spp.,78,3,6
Oligochaeta spp.,78,4,6
Diptera spp. juv.,78,4,183
Diptera spp.,78,4,2
Parasitica spp.,78,4,2
Oligochaeta spp.,78,5,2
Diptera spp. juv.,78,5,2
Diptera spp.,78,5,3
Oligochaeta spp.,78,6,16
Oligochaeta spp.,78,7,2
Diptera spp. juv.,78,7,23
Nematoda spp.,78,7,1
Oligochaeta spp.,78,8,16
Aranae spp.,78,8,1
Diptera spp. juv.,78,8,9
Lepidoptera spp.,78,9,1
Chilopoda spp.,78,9,1
Diplopoda spp.,78,9,11
Aranae spp.,79,2,1
Diptera spp. juv.,79,2,1
Diptera spp. juv.,79,3,3
Diptera spp.,79,3,9
Aphiodoidea spp. juv. and adult,79,3,1
Oligochaeta spp.,79,4,1
Diptera spp. juv.,79,4,2
Diptera spp.,79,4,2
Parasitica spp.,79,4,1
Chilopoda spp.,79,4,4
Thysanoptera spp. juv.,79,5,1
Oniscidea spp.,79,6,1
Diptera spp. juv.,79,8,2
Aphiodoidea spp. juv. and adult,79,8,19
Oligochaeta spp.,79,9,2
Aranae spp.,79,9,1
Diptera spp. juv.,79,9,10
Aphiodoidea spp. juv. and adult,79,9,2
Diptera spp. juv.,79,10,1
Diptera spp.,79,10,1
Oligochaeta spp.,80,1,14
Aranae spp.,80,1,1
Diptera spp. juv.,80,1,71
Oligochaeta spp.,80,2,4
Diptera spp. juv.,80,2,1
Diplopoda spp.,80,2,1
Nematoda spp.,80,2,2
Oligochaeta spp.,80,3,8
Diptera spp. juv.,80,3,37
Oligochaeta spp.,80,4,9
Aranae spp.,80,4,1
Diptera spp. juv.,80,4,71
Oligochaeta spp.,80,5,59
Diptera spp. juv.,80,5,5
Parasitica spp.,80,5,1
Oligochaeta spp.,80,6,62
Aranae spp.,80,6,3
Diptera spp. juv.,80,6,206
Diptera spp.,80,6,1
Oligochaeta spp.,80,7,3
Diptera spp. juv.,80,7,24
Diptera spp.,80,7,1
Oligochaeta spp.,80,8,17
Diptera spp. juv.,80,8,2
Parasitica spp.,80,8,3
Lepidoptera spp. juv.,80,8,1
Oligochaeta spp.,80,9,71
Aranae spp.,80,9,2
Diptera spp. juv.,80,9,47
Oligochaeta spp.,80,10,7
Oligochaeta spp.,81,1,16
Aranae spp.,81,1,1
Aphiodoidea spp. juv. and adult,81,1,1
Chilopoda spp.,81,1,1
Diplopoda spp.,81,1,5
Oligochaeta spp.,81,2,10
Diptera spp. juv.,81,2,3
Chilopoda spp.,81,2,1
Nematoda spp.,81,2,2
Oligochaeta spp.,81,3,3
Oligochaeta spp.,81,4,4
Diptera spp. juv.,81,4,205
Diptera spp.,81,4,2
Nematoda spp.,81,4,2
Diptera spp. juv.,81,5,2
Diptera spp.,81,5,2
Oligochaeta spp.,81,6,16
Diptera spp. juv.,81,6,4
Parasitica spp.,81,6,1
Oligochaeta spp.,81,7,2
Aranae spp.,81,7,1
Diptera spp. juv.,81,7,7
Oligochaeta spp.,81,8,8
Aranae spp.,81,8,5
Diptera spp. juv.,81,8,16
Diptera spp.,81,8,1
Oligochaeta spp.,81,9,27
Diptera spp. juv.,81,9,4
Lepidoptera spp.,81,9,1
Chilopoda spp.,81,9,2
Nematoda spp.,81,9,6
Aranae spp.,81,10,1
Diptera spp. juv.,81,10,1
Diptera spp.,81,10,1
Chilopoda spp.,81,10,1
Oligochaeta spp.,82,1,53
Diptera spp. juv.,82,1,19
Chilopoda spp.,82,1,3
Nematoda spp.,82,1,1
Oligochaeta spp.,82,2,10
Oligochaeta spp.,82,3,1
Diptera spp. juv.,82,3,2
Oligochaeta spp.,82,4,37
Diptera spp. juv.,82,4,16
Oligochaeta spp.,82,5,27
Diptera spp. juv.,82,5,3
Nematoda spp.,82,5,1
Oligochaeta spp.,82,6,10
Oligochaeta spp.,82,7,45
Diptera spp. juv.,82,7,7
Oligochaeta spp.,82,8,6
Diptera spp. juv.,82,8,3
Oligochaeta spp.,82,9,1
Oligochaeta spp.,82,10,33
Diptera spp. juv.,82,10,8
Lasius niger,82,10,1
Nematoda spp.,82,10,1
Diptera spp.,83,1,1
Oligochaeta spp.,83,2,1
Diptera spp. juv.,83,2,3
Chilopoda spp.,83,2,4
Oligochaeta spp.,83,3,2
Aranae spp.,83,3,1
Diptera spp. juv.,83,3,1
Parasitica spp.,83,3,1
Oligochaeta spp.,83,4,6
Diptera spp. juv.,83,4,5
Parasitica spp.,83,4,17
Oligochaeta spp.,83,5,4
Oligochaeta spp.,83,6,7
Aphiodoidea spp. juv. and adult,83,6,4
Diptera spp.,83,7,1
Oligochaeta spp.,83,9,36
Diptera spp. juv.,83,9,7
Chilopoda spp.,83,9,2
Oligochaeta spp.,83,10,9
Aranae spp.,83,10,1
Diptera spp. juv.,83,10,47
Chilopoda spp.,83,10,5
Oligochaeta spp.,84,1,5
Diptera spp. juv.,84,1,2
Aphiodoidea spp. juv. and adult,84,1,1
Parasitica spp.,84,1,1
Chilopoda spp.,84,1,3
Diptera spp. juv.,84,2,18
Oligochaeta spp.,84,4,1
Oligochaeta spp.,84,5,94
Diptera spp. juv.,84,5,57
Diptera spp.,84,5,3
Thysanoptera spp.,84,7,1
Thysanoptera spp. juv.,84,7,2
Oligochaeta spp.,84,8,3
Oniscidea spp.,84,8,1
Diptera spp. juv.,84,8,2
Chilopoda spp.,84,8,1
Diplopoda spp.,84,8,3
Nematoda spp.,84,8,1
Oligochaeta spp.,84,9,28
Aranae spp.,84,9,1
Diptera spp. juv.,84,9,87
Diptera spp.,84,9,1
Thysanoptera spp. juv.,84,9,2
Chilopoda spp.,84,9,10
Nematoda spp.,84,9,1
Oligochaeta spp.,84,10,12
Diptera spp. juv.,84,10,42
Diptera spp.,84,10,1
Chilopoda spp.,84,10,1
Oligochaeta spp.,85,1,15
Diptera spp. juv.,85,1,1
Chilopoda spp.,85,1,2
Oligochaeta spp.,85,2,9
Oniscidea spp.,85,2,4
Diptera spp. juv.,85,2,2
Diptera spp.,85,2,1
Lasius niger,85,2,3
Chilopoda spp.,85,2,4
Diplopoda spp.,85,2,1
Nematoda spp.,85,2,1
Oligochaeta spp.,85,3,4
Aranae spp.,85,3,1
Diptera spp. juv.,85,3,48
Chilopoda spp.,85,3,2
Nematoda spp.,85,3,48
Oligochaeta spp.,85,4,37
Diptera spp. juv.,85,4,6
Diptera spp.,85,4,1
Heteroptera spp.,85,4,1
Oligochaeta spp.,85,5,84
Aranae spp.,85,5,2
Oniscidea spp.,85,5,1
Diptera spp. juv.,85,5,15
Diptera spp.,85,5,1
Aphiodoidea spp. juv. and adult,85,5,1
Chilopoda spp.,85,5,5
Nematoda spp.,85,5,7
Oligochaeta spp.,85,6,19
Aranae spp.,85,6,1
Oniscidea spp.,85,6,2
Diptera spp. juv.,85,6,7
Diptera spp.,85,6,1
Aphiodoidea spp. juv. and adult,85,6,2
Gastropoda spp.,85,6,2
Nematoda spp.,85,6,1
Oligochaeta spp.,85,7,7
Diptera spp. juv.,85,7,7
Oligochaeta spp.,85,8,13
Aranae spp.,85,8,1
Diptera spp. juv.,85,8,1
Temnothorax nylanderi,85,8,1
Chilopoda spp.,85,8,1
Nematoda spp.,85,8,2
Oligochaeta spp.,85,9,19
Aranae spp.,85,9,2
Diptera spp. juv.,85,9,1
Parasitica spp.,85,9,1
Chilopoda spp.,85,9,9
Oligochaeta spp.,85,10,32
Oniscidea spp.,85,10,1
Diptera spp. juv.,85,10,4
Heteroptera spp.,85,10,1
Chilopoda spp.,85,10,1
Diplopoda spp.,85,10,1
Nematoda spp.,85,10,3
Oligochaeta spp.,86,1,47
Aranae spp.,86,1,1
Diptera spp. juv.,86,1,69
Diptera spp. juv.,86,2,1
Oligochaeta spp.,86,3,1
Diptera spp. juv.,86,3,10
Aphiodoidea spp. juv. and adult,86,3,17
Chilopoda spp.,86,3,4
Oligochaeta spp.,86,4,65
Diptera spp. juv.,86,4,1
Symphyta spp. juv.,86,4,3
Thysanoptera spp.,86,4,12
Thysanoptera spp. juv.,86,4,197
Chilopoda spp.,86,4,1
Oligochaeta spp.,86,5,7
Aranae spp.,86,5,1
Diptera spp. juv.,86,5,18
Diptera spp. juv.,86,6,11
Oligochaeta spp.,86,7,37
Diptera spp. juv.,86,7,17
Parasitica spp.,86,7,1
Nematoda spp.,86,7,1
Oligochaeta spp.,86,8,57
Diptera spp. juv.,86,8,41
Parasitica spp.,86,8,1
Lepidoptera spp.,86,8,1
Oligochaeta spp.,86,9,3
Diptera spp. juv.,86,9,45
Chilopoda spp.,86,9,1
Oligochaeta spp.,86,10,15
Aranae spp.,86,10,1
Diptera spp. juv.,86,10,7
Parasitica spp.,86,10,1
Oligochaeta spp.,87,1,1
Aranae spp.,87,1,1
Diptera spp. juv.,87,1,7
Diptera spp.,87,1,1
Diptera spp. juv.,87,2,4
Oligochaeta spp.,87,3,11
Diptera spp. juv.,87,3,18
Diptera spp.,87,3,3
Oligochaeta spp.,87,4,9
Oligochaeta spp.,87,5,87
Diptera spp. juv.,87,5,31
Diptera spp.,87,5,2
Nematoda spp.,87,5,1
Oligochaeta spp.,87,6,9
Aranae spp.,87,6,3
Diptera spp. juv.,87,6,2
Oligochaeta spp.,87,7,9
Diptera spp. juv.,87,7,1
Oligochaeta spp.,87,8,63
Opiliones spp.,87,8,2
Diptera spp. juv.,87,8,10
Aphiodoidea spp. juv. and adult,87,8,3
Thysanoptera spp.,87,8,1
Thysanoptera spp. juv.,87,8,3
Chilopoda spp.,87,8,1
Diplopoda spp.,87,8,3
Nematoda spp.,87,8,2
Aranae spp.,87,9,2
Diptera spp. juv.,87,9,1
Oligochaeta spp.,87,10,10
Diptera spp. juv.,87,10,5
Diplopoda spp.,87,10,1
