"species_latin","ev_nytt_navn","latinsknavnid","stadium","indetermined","alien","blacklist_cat","native","last_updated"
"Acari spp.","",,"adult",f,f,"",f,"2018-06-26 10:18:18.509006"
"Acrotona cf. fungi","",,"adult",f,f,"",t,"2018-06-26 10:18:18.509006"
"Acrotona cf. negligens","",,"adult",f,f,"",t,"2018-06-26 10:18:18.509006"
"Acrotona cf. parens","",,"adult",f,f,"",t,"2018-06-26 10:18:18.509006"
"Acrotona exigua","",11529,"adult",f,f,"",t,"2018-06-26 10:18:18.509006"
"Acrotona orbata","",125315,"adult",f,f,"",t,"2018-06-26 10:18:18.509006"
"Acrotona sp. A","",,"adult",t,f,"",f,"2018-06-26 10:18:18.509006"
"Acrotona sp. B","",,"adult",t,f,"",f,"2018-06-26 10:18:18.509006"
"Acrotona sp. C","",,"adult",f,f,"",f,"2018-10-05 08:52:35.220014"
"Acrotrichis henrici","",11283,"adult",f,f,"",f,"2018-10-05 08:54:47.354805"
"Acrotrichis sp.","",,"adult",t,f,"",f,"2018-06-26 10:18:18.509006"
"Acupalpus brunnipes","",5365,"adult",f,f,"",f,"2018-10-05 08:56:18.815795"
"Acupalpus meridianus","",5371,"adult",f,f,"",t,"2018-06-26 10:18:18.509006"
"Acupalpus parvulus","",5372,"adult",f,f,"",t,"2018-06-26 10:18:18.509006"
"Acupalpus sp.","",,"adult",f,f,"",f,"2018-10-05 08:57:14.669928"
"Adalia decempunctata","",7447,"adult",f,f,"",t,"2018-06-26 10:18:18.509006"
"Adistemia watsoni","",7881,"adult",f,t,"LO",f,"2018-06-26 10:18:18.509006"
"Agathidium marginatum","",11184,"adult",f,f,"",t,"2018-06-26 10:18:18.509006"
"Aleochara  cf. bipustulata","",,"adult",f,f,"",t,"2018-06-26 10:18:18.509006"
"Aleocharinae sp. A","",,"adult",t,t,"",f,"2018-06-26 10:18:18.509006"
"Aleocharinae sp. B","",,"adult",t,f,"",f,"2018-06-26 10:18:18.509006"
"Aleocharinae sp. C","",,"adult",t,f,"",f,"2018-06-26 10:18:18.509006"
"Aleocharinae sp. D","",,"adult",f,f,"",f,"2018-10-05 08:58:03.394941"
"Aloconota gregaria","",11555,"adult",f,f,"",t,"2018-06-26 10:18:18.509006"
"Amara aenea","",5623,"adult",f,f,"",t,"2018-06-26 10:18:18.509006"
"Amara spreta","",5664,"adult",f,f,"",t,"2018-06-26 10:18:18.509006"
"Amara tibialis","",5666,"adult",f,f,"",f,"2018-10-05 08:58:31.332394"
"Amischa analis","",11569,"adult",f,f,"",t,"2018-06-26 10:18:18.509006"
"Amischa bifoveolata","",11571,"adult",f,f,"",t,"2018-06-26 10:18:18.509006"
"Amischa cf. forcipata","",,"adult",f,f,"",f,"2018-10-05 08:58:51.55411"
"Amischa decipiens","",11572,"adult",f,f,"",t,"2018-06-26 10:18:18.509006"
"Amischa nigrofusca","",11573,"adult",f,f,"",t,"2018-06-26 10:18:18.509006"
"Anotylus nitidulus","",12396,"adult",f,f,"",t,"2018-06-26 10:18:18.509006"
"Anotylus sp. B","",,"adult",f,f,"",f,"2018-10-05 08:59:54.915962"
"Anthobium melanocephalum","",12233,"adult",f,f,"",t,"2018-06-26 10:18:18.509006"
"Anthobium unicolor","",12234,"adult",f,f,"",f,"2018-10-05 09:00:32.377596"
"Anurophorus laricis Nicolet, 1842","",15358,"adult",f,f,"",t,"2018-06-26 10:18:18.509006"
"Anurophorus satchelli  Goto, 1956","",,"adult",f,t,"",f,"2018-06-26 10:18:18.509006"
"Aphiodoidea spp. juv. and adult","",,"nymph and adult",f,f,"",f,"2018-06-26 10:18:18.509006"
"Aphodius prodromus","",10642,"adult",f,f,"",f,"2018-10-05 09:05:18.200468"
"Aranae spp.","",,"adult",f,f,"",f,"2018-06-26 10:18:18.509006"
"Atheta (Datomicra) sordidula","",,"adult",f,f,"",t,"2018-06-26 10:18:18.509006"
"Atheta (Microdota) amicula","",,"adult",f,f,"",t,"2018-06-26 10:18:18.509006"
"Atheta (Microdota) inquinula","",,"adult",f,t,"",f,"2018-06-26 10:18:18.509006"
"Atheta (Philhygra) sp.","",,"adult",f,f,"",f,"2018-06-26 10:18:18.509006"
"Atheta sp.9 (jfr. 2012)","",,"adult",f,f,"",f,"2018-10-05 09:06:44.21006"
"Atheta sp. A","",,"adult",f,f,"",f,"2018-10-05 09:05:40.8129"
"Atheta sp. B","",,"adult",f,f,"",f,"2018-10-05 13:52:34.236472"
"Atheta (s.str.) aeneicollis","",,"adult",f,f,"",t,"2018-06-26 10:18:18.509006"
"Atheta (s.str.) autumnalis","",,"adult",f,f,"",t,"2018-06-26 10:18:18.509006"
"Atheta (s.str.) basicornis","",,"adult",f,f,"",t,"2018-06-26 10:18:18.509006"
"Atomaria atricapilla","",7616,"adult",f,f,"",t,"2018-06-26 10:18:18.509006"
"Atomaria fuscata","",7621,"adult",f,f,"",t,"2018-06-26 10:18:18.509006"
"Atomaria fuscipes","",7622,"adult",f,f,"",t,"2018-06-26 10:18:18.509006"
"Atomaria longicornis","",7600,"adult",f,f,"",f,"2018-10-05 09:07:58.818263"
"Atomaria nigrirostris","",7601,"adult",f,f,"",t,"2018-06-26 10:18:18.509006"
"Atomaria rhenonum","",7639,"adult",f,f,"",t,"2018-06-26 10:18:18.509006"
"Atomaria sp.","",,"adult",f,f,"",f,"2018-10-05 09:08:39.735511"
"Aucheorrhyncha spp. juv.","",,"nymph",f,f,"",f,"2018-06-26 10:18:18.509006"
"Balclutha punctata","",111386,"adult",f,f,"",t,"2018-06-26 10:18:18.509006"
"Barypeithes pellucidus","",8931,"adult",f,f,"",t,"2018-06-26 10:18:18.509006"
"Bembidion bruxellense","",5744,"adult",f,f,"",t,"2018-06-26 10:18:18.509006"
"Bembidion quadrimaculatum","",5797,"adult",f,f,"",f,"2018-10-05 09:09:46.167718"
"Bembidion tetracolum","",5806,"adult",f,f,"",f,"2018-10-05 09:09:55.493768"
"Bibloplectus sp.","",,"adult",f,f,"",f,"2018-10-05 09:10:26.144627"
"Bledius gallicus","",12446,"adult",f,f,"",t,"2018-06-26 10:18:18.509006"
"Bledius opacus","",12454,"adult",f,f,"",t,"2018-06-26 10:18:18.509006"
"Boromorphus cf. italicus","",,"adult",f,t,"",f,"2018-06-26 10:18:18.509006"
"Bourletiella sp. juv.","",,"juvenile",t,f,"",f,"2018-06-26 10:18:18.509006"
"Brachystomella parvula (Schäffer, 1896)","",15131,"adult",f,f,"",t,"2018-06-26 10:18:18.509006"
"Bythinus burelli","",,"adult",f,f,"",t,"2018-06-26 10:18:18.509006"
"Campylosteira serena","",170119,"adult",f,t,"",f,"2018-06-26 10:18:18.509006"
"Cantharis cryptica","",10155,"adult",f,t,"",f,"2018-06-26 10:18:18.509006"
"Carpelimus corticinus","",12471,"adult",f,f,"",t,"2018-06-26 10:18:18.509006"
"Carpelimus rivularis","",12488,"adult",f,f,"",f,"2018-10-05 09:10:37.438748"
"Carpelimus sp.","",,"adult",f,f,"",f,"2018-10-05 09:10:46.436172"
"Carpelimus subtilis","",12490,"adult",f,f,"",f,"2018-10-05 09:10:57.424127"
"Carpelimus tetracarinatus","",,"adult",f,f,"",t,"2018-06-26 10:18:18.509006"
"Carpelimus zealandicus","",12491,"adult",f,t,"NK",f,"2018-06-26 10:18:18.509006"
"Carpelimus zealandicus juv.","",12491,"larvae",f,t,"NK",f,"2018-06-26 10:18:18.509006"
"Cartodere bifasciata","",7885,"adult",f,t,"LO",f,"2018-06-26 10:18:18.509006"
"Cartodere nodifer","",7886,"adult",f,t,"PH",f,"2018-06-26 10:18:18.509006"
"Ceratophysella denticulata (Bagnall, 1941)","",15096,"adult",f,f,"",t,"2018-06-26 10:18:18.509006"
"Ceratophysella engadinensis (Gisin, 1949)","",119986,"adult",f,t,"LO",f,"2018-06-26 10:18:18.509006"
"Ceratophysella gibbosa (Bagnall, 1940)","",15099,"adult",f,t,"LO",f,"2018-06-26 10:18:18.509006"
"Ceratophysella sp. juv.","",,"juvenile",t,f,"",f,"2018-06-26 10:18:18.509006"
"Ceratophysella succinea Gisin, 1949","",15098,"adult",f,f,"",t,"2018-06-26 10:18:18.509006"
"Ceutorhynchus hirtulus","",8434,"adult",f,f,"",t,"2018-06-26 10:18:18.509006"
"cf. Lepisma saccharina (sølvkre)","",,"adult",t,f,"",f,"2018-06-26 10:18:18.509006"
"Chaetocnema concinna","",6755,"adult",f,f,"",t,"2018-06-26 10:18:18.509006"
"Chaetocnema hortensis","",6757,"adult",f,f,"",t,"2018-06-26 10:18:18.509006"
"Chaetophora spinosa","",10059,"adult",f,t,"",f,"2018-06-26 10:18:18.509006"
"Chilopoda spp.","",,"adult",t,f,"",f,"2018-06-26 10:18:18.509006"
"Cis micans","",9419,"adult",f,f,"",t,"2018-06-26 10:18:18.509006"
"Clambus simsoni","",10523,"adult",f,t,"NK",f,"2018-06-26 10:18:18.509006"
"Clivina fossor","",5708,"adult",f,f,"",t,"2018-06-26 10:18:18.509006"
"Coccinella undecimpunctata","",7466,"adult",f,f,"",t,"2018-06-26 10:18:18.509006"
"Coccioidea spp. juv. and adult","",,"nymph and adult",f,f,"",f,"2018-06-26 10:18:18.509006"
"Coleoptera spp. juv","",,"larvae",f,f,"",f,"2018-06-26 10:18:18.509006"
"Colon sp.","",,"adult",t,f,"",f,"2018-06-26 10:18:18.509006"
"Corticaria cf. lapponica","",,"adult",f,f,"",f,"2018-10-05 09:11:08.732305"
"Corticarina cavicollis","",169210,"adult",f,t,"",f,"2018-06-26 10:18:18.509006"
"Corticarina fuscula","",14910,"adult",f,f,"",t,"2018-06-26 10:18:18.509006"
"Cortinicara gibbosa","",7870,"adult",f,f,"",t,"2018-06-26 10:18:18.509006"
"Dermaptera spp.","",,"adult",f,f,"",f,"2018-06-26 10:18:18.509006"
"Deruterosminthurus sp. juv.","",,"juvenile",t,f,"",f,"2018-06-26 10:18:18.509006"
"Desoria grisea (Lubbock, 1869)","",15566,"adult",f,f,"",t,"2018-06-26 10:18:18.509006"
"Desoria hiemalis (Schött, 1893)","",15547,"adult",f,f,"",t,"2018-06-26 10:18:18.509006"
"Desoria trispinata  (MacGillivray, 1896)","",15568,"adult",f,t,"LO",f,"2018-06-26 10:18:18.509006"
"Dicyrtoma minuta  (Fabricius, 1783)","",15733,"adult",f,f,"",t,"2018-06-26 10:18:18.509006"
"Dicyrtoma sp. juv.","",,"juvenile",t,f,"",f,"2018-06-26 10:18:18.509006"
"Dienerella filiformis","",7894,"adult",f,f,"",f,"2018-10-05 09:12:00.571172"
"Dienerella vincenti","",7897,"adult",f,f,"",f,"2018-10-05 09:12:12.773586"
"Diplocephalus cristatus","",2722,"adult",f,f,"",t,"2018-06-26 10:18:18.509006"
"Diplopoda spp.","",,"adult",t,f,"",f,"2018-06-26 10:18:18.509006"
"Diptera spp.","",,"adult",f,f,"",f,"2018-06-26 10:18:18.509006"
"Diptera spp. juv.","",,"larvae and pupae",f,f,"",f,"2018-06-26 10:18:18.509006"
"Dyschirius thoracicus","",5725,"adult",f,f,"",t,"2018-06-26 10:18:18.509006"
"Dyschirius tristis","",5726,"adult",f,f,"",t,"2018-06-26 10:18:18.509006"
"Elaphropus haemorrhoidalis","",,"adult",f,f,"",f,"2018-10-05 09:14:49.473676"
"Elaphropus quadrisignatus","",169733,"adult",f,t,"",f,"2018-06-26 10:18:18.509006"
"Elateridae spp. juv","",,"larvae",f,f,"",f,"2018-06-26 10:18:18.509006"
"Embioptera spp.","",,"adult",f,f,"",f,"2018-06-26 10:18:18.509006"
"Entomobrya cf. lanuginosa (Nicolet, 1841)","",,"adult",f,f,"",t,"2018-06-26 10:18:18.509006"
"Entomobrya nicoleti (Lubbock, 1867)","",15592,"adult",f,f,"",t,"2018-06-26 10:18:18.509006"
"Entomobrya nigrocincta Denis, 1923","",,"adult",f,t,"",f,"2018-06-26 10:18:18.509006"
"Entomobrya nigrocincta/multifasciata","",,"adult",f,f,"",t,"2018-06-26 10:18:18.509006"
"Entomobrya sp.","",,"adult",t,f,"",f,"2018-06-26 10:18:18.509006"
"Entomobrya sp. juv.","",,"juvenile",t,f,"",f,"2018-06-26 10:18:18.509006"
"Ephistemus globulus","",7652,"adult",f,f,"",t,"2018-06-26 10:18:18.509006"
"Erichsonius signaticornis","",,"adult",f,t,"",f,"2018-06-26 10:18:18.509006"
"Erigone atra","",2743,"adult",f,f,"",t,"2018-06-26 10:18:18.509006"
"Erigone dentosa","",170277,"adult",f,t,"",f,"2018-06-26 10:18:18.509006"
"Euplectus karsteni","",13453,"adult",f,f,"",t,"2018-06-26 10:18:18.509006"
"Eupteryx decemnotata","",111186,"adult",f,t,"",f,"2018-06-26 10:18:18.509006"
"Folsomia candida (Willem, 1902)","",15372,"adult",f,f,"",t,"2018-06-26 10:18:18.509006"
"Folsomia fimetaria (Linnaeus, 1758)","",15367,"adult",f,f,"",t,"2018-06-26 10:18:18.509006"
"Folsomia kuznetsovae Potapov & Taskaeva, 2009","",119988,"adult",f,f,"",t,"2018-06-26 10:18:18.509006"
"Folsomia litsteri Bagnall, 1939","",15379,"adult",f,f,"",t,"2018-06-26 10:18:18.509006"
"Folsomia manolachei Bagnall, 1939","",15390,"adult",f,f,"",t,"2018-06-26 10:18:18.509006"
"Folsomia quadrioculata (Tullberg, 1871)","",15388,"adult",f,f,"",t,"2018-06-26 10:18:18.509006"
"Folsomia similis Bagnall, 1939","",15400,"adult",f,t,"LO",f,"2018-06-26 10:18:18.509006"
"Folsomides centralis (Denis, 1931)","",,"adult",f,t,"",f,"2018-06-26 10:18:18.509006"
"Folsomides parvulus Stach, 1922","",15428,"adult",f,f,"",t,"2018-06-26 10:18:18.509006"
"Folsomina onychiurina  Denis, 1931","",,"adult",f,t,"",f,"2018-06-26 10:18:18.509006"
"Formica rufa (rød skogmaur)","",119214,"adult",f,f,"",t,"2018-06-26 10:18:18.509006"
"Friesea claviseta Axelson, 1900","",15143,"adult",f,f,"",t,"2018-06-26 10:18:18.509006"
"Friesea mirabilis (Tullberg, 1871)","",15139,"adult",f,f,"",t,"2018-06-26 10:18:18.509006"
"Friesea sp. 0+0 oc","",,"adult",f,t,"",f,"2018-06-26 10:18:18.509006"
"Friesea truncata Cassagnau, 1958","",15142,"adult",f,f,"",t,"2018-06-26 10:18:18.509006"
"Gabrius appendiculatus","",12782,"adult",f,f,"",t,"2018-06-26 10:18:18.509006"
"Gabrius breviventer","",12786,"adult",f,f,"",t,"2018-06-26 10:18:18.509006"
"Gabrius sp. (hunner)","",,"adult",f,f,"",f,"2018-10-05 09:31:45.668278"
"Gabronthus thermarum","",12802,"adult",f,t,"LO",f,"2018-06-26 10:18:18.509006"
"Gastropoda spp.","",,"adult",f,f,"",f,"2018-06-26 10:18:18.509006"
"Gnathonarium dentatum","",2758,"adult",f,f,"",t,"2018-06-26 10:18:18.509006"
"Gongylidiellum latebricola","",2764,"adult",f,f,"",t,"2018-06-26 10:18:18.509006"
"Gyrohypnus angustatus","",12972,"adult",f,f,"",t,"2018-06-26 10:18:18.509006"
"Harpalus affinis","",5397,"adult",f,f,"",t,"2018-06-26 10:18:18.509006"
"Harpalus rubripes","",5416,"adult",f,f,"",f,"2018-10-05 09:32:15.881607"
"Harpalus tardus","",5423,"adult",f,f,"",t,"2018-06-26 10:18:18.509006"
"Helophorus brevipalpis","",10913,"adult",f,f,"",t,"2018-06-26 10:18:18.509006"
"Helophorus obscurus","",10925,"adult",f,f,"",t,"2018-06-26 10:18:18.509006"
"Helophorus porculus","",169734,"adult",f,t,"",f,"2018-06-26 10:18:18.509006"
"Hemisotoma ponticus (Stach, 1947)","",,"adult",f,t,"",f,"2018-06-26 10:18:18.509006"
"Hemisotoma scapellifer (Gisin, 1955)","",,"adult",f,f,"",t,"2018-06-26 10:18:18.509006"
"Hemisotoma thermophila (Axelson, 1990)","",,"adult",f,f,"",t,"2018-06-26 10:18:18.509006"
"Heteromurus major Moniez, 1889","",,"adult",f,t,"",f,"2018-06-26 10:18:18.509006"
"Heteroptera spp. juv.","",,"nymph",t,f,"",f,"2018-06-26 10:18:18.509006"
"Holoparamecus cf. niger","",,"adult",f,t,"",f,"2018-06-26 10:18:18.509006"
"Hydrosmecta leptotyphloides","",,"adult",f,f,"",f,"2018-10-05 09:36:15.677303"
"Hypogastrura assimilis Krausbauer, 1898","",15070,"adult",f,f,"",t,"2018-06-26 10:18:18.509006"
"Hypogastrura purpurescens (Lubbock, 1867)","",15073,"adult",f,f,"",t,"2018-06-26 10:18:18.509006"
"Hypoponera ?eduardi","",,"adult",f,t,"",f,"2018-06-26 10:18:18.509006"
"Ischnocera spp.","",,"adult",f,f,"",f,"2018-06-26 10:18:18.509006"
"Ischnosoma bergrothi","",13124,"adult",f,f,"",f,"2018-10-05 09:36:47.12044"
"Isotoma anglicana Lubbock, 1862","",15532,"adult",f,f,"",t,"2018-06-26 10:18:18.509006"
"Isotoma caerulea Bourlet, 1839","",15531,"adult",f,f,"",t,"2018-06-26 10:18:18.509006"
"Isotoma sp. juv.","",,"juvenile",t,f,"",f,"2018-06-26 10:18:18.509006"
"Isotoma viridis Bourlet, 1839","",15528,"adult",f,f,"",t,"2018-06-26 10:18:18.509006"
"Isotomiella minor (Schäffer, 1896)","",15411,"adult",f,f,"",t,"2018-06-26 10:18:18.509006"
"Isotomurus graminis Fjellberg, 2007","",15484,"adult",f,f,"",t,"2018-06-26 10:18:18.509006"
"Isotomurus maculatus (Schäffer, 1896)","",15476,"adult",f,f,"",t,"2018-06-26 10:18:18.509006"
"Isotomurus palustris (Müller, 1776)","",15474,"adult",f,f,"",t,"2018-06-26 10:18:18.509006"
"Isotomurus pseudopalustris Carapelli et al., 2001","",,"adult",f,t,"",f,"2018-06-26 10:18:18.509006"
"Isotomurus sp. juv.","",,"juvenile",t,f,"",f,"2018-06-26 10:18:18.509006"
"Kleidocerys resedae","",110306,"adult",f,f,"",t,"2018-06-26 10:18:18.509006"
"Lasius fuliginosus (svart tremaur)","",119200,"adult",f,f,"",t,"2018-06-26 10:18:18.509006"
"Lasius niger (svart jordmaur)","",119188,"adult",f,f,"",t,"2018-06-26 10:18:18.509006"
"Lasius platythorax (skogjordmaur)","",119189,"adult",f,f,"",t,"2018-06-26 10:18:18.509006"
"Latridius porcatus","",7916,"adult",f,f,"",f,"2018-10-05 09:37:12.364126"
"Leiodes sp.","",,"adult",t,f,"",f,"2018-06-26 10:18:18.509006"
"Lepidocyrtus cf. lanuginosus (Gmelin, 1790)","",,"adult",f,f,"",t,"2018-06-26 10:18:18.509006"
"Lepidocyrtus pallidus Reuter, 1890","",15605,"adult",f,t,"LO",f,"2018-06-26 10:18:18.509006"
"Lepidocyrtus sp.","",,"adult",f,f,"",t,"2018-06-26 10:18:18.509006"
"Lepidoptera spp.","",,"adult",f,f,"",f,"2018-06-26 10:18:18.509006"
"Lepidoptera spp. juv.","",,"larvae",f,f,"",f,"2018-06-26 10:18:18.509006"
"Lesteva longoelytrata","",12261,"adult",f,f,"",t,"2018-06-26 10:18:18.509006"
"Linepithema humile","",119174,"adult",f,t,"HI",f,"2018-06-26 10:18:18.509006"
"Linyphidae spp. juv.","",,"juvenile",f,f,"",f,"2018-06-26 10:18:18.509006"
"Lochmaea suturalis (lyngbladbille)","",7205,"adult",f,f,"",t,"2018-06-26 10:18:18.509006"
"Lygus rugulipennis","",109856,"adult",f,f,"",t,"2018-06-26 10:18:18.509006"
"Mecinus pascuorum","",8721,"adult",f,f,"",t,"2018-06-26 10:18:18.509006"
"Medon sp.","",,"adult",t,t,"",f,"2018-06-26 10:18:18.509006"
"Megalothorax minimus Willem, 1900","",15659,"adult",f,f,"",t,"2018-06-26 10:18:18.509006"
"Megasternum concinnum","",11028,"adult",f,f,"",t,"2018-06-26 10:18:18.509006"
"Megophthalmus scanicus","",111035,"adult",f,f,"",t,"2018-06-26 10:18:18.509006"
"Melaophthalma fuscipennis","",,"adult",f,t,"",f,"2018-06-26 10:18:18.509006"
"Meotica cf. marchica","",,"adult",f,t,"",f,"2018-06-26 10:18:18.509006"
"Meotica sp.","",,"adult",t,t,"",f,"2018-06-26 10:18:18.509006"
"Meotica sp. A","",,"adult",f,f,"",f,"2018-10-05 09:37:52.266307"
"Meotica sp. B","",,"adult",f,f,"",f,"2018-10-05 09:38:01.881617"
"Mermessus trilobatus/denticulatus","",,"adult",t,t,"",f,"2018-10-05 09:58:09.892088"
"Mesaphorura critica Ellis, 1976","",15321,"adult",f,f,"",t,"2018-06-26 10:18:18.509006"
"Mesaphorura delamarei Weiner, 1991","",,"adult",f,t,"",f,"2018-06-26 10:18:18.509006"
"Mesaphorura hylophila Rusek, 1982","",15322,"adult",f,f,"",t,"2018-06-26 10:18:18.509006"
"Mesaphorura italica (Rusek, 1971)","",15317,"adult",f,f,"",t,"2018-06-26 10:18:18.509006"
"Mesaphorura jarmilae Rusek, 1982","",15324,"adult",f,f,"",t,"2018-06-26 10:18:18.509006"
"Mesaphorura jevanica Rusek, 1996","",,"adult",f,t,"",f,"2018-06-26 10:18:18.509006"
"Mesaphorura jirii Rusek, 1982","",15323,"adult",f,f,"",t,"2018-06-26 10:18:18.509006"
"Mesaphorura krausbaueri Börner, 1901","",15311,"adult",f,f,"",t,"2018-06-26 10:18:18.509006"
"Mesaphorura macrochaeta Rusek, 1976","",15310,"adult",f,f,"",t,"2018-06-26 10:18:18.509006"
"Mesaphorura pongei Rusek, 1982","",15314,"adult",f,f,"",t,"2018-06-26 10:18:18.509006"
"Mesaphorura simoni Jordana & Arbea, 1994","",,"adult",f,t,"",f,"2018-06-26 10:18:18.509006"
"Mesaphorura sp. juv.","",,"juvenile",t,f,"",f,"2018-06-26 10:18:18.509006"
"Mesaphorura tenuisensillata Rusek, 1974","",15325,"adult",f,f,"",t,"2018-06-26 10:18:18.509006"
"Mesaphorura yosii (Rusek, 1971)","",15315,"adult",f,f,"",t,"2018-06-26 10:18:18.509006"
"Metabletus truncatellus","",,"adult",f,f,"",t,"2018-06-26 10:18:18.509006"
"Metopsia clypeata","",12607,"adult",f,f,"",t,"2018-06-26 10:18:18.509006"
"Micranurida pygmaea Börner, 1901","",15167,"adult",f,f,"",t,"2018-06-26 10:18:18.509006"
"Micranurophorus musci Bernard, 1977","",15364,"adult",f,f,"",t,"2018-06-26 10:18:18.509006"
"Micraphorura absoloni (Börner, 1901)","",15213,"adult",f,f,"",t,"2018-06-26 10:18:18.509006"
"Micropeplus porcatus","",12218,"adult",f,f,"",t,"2018-06-26 10:18:18.509006"
"Monotoma brevicollis","",7934,"adult",f,f,"",t,"2018-06-26 10:18:18.509006"
"Morychus aeneus","",10047,"adult",f,f,"",t,"2018-06-26 10:18:18.509006"
"Murcrosomia garretti (Bagnall, 1939)","",,"adult",f,t,"",f,"2018-06-26 10:18:18.509006"
"Mycetoporus baudueri","",13138,"adult",f,f,"",f,"2018-10-05 09:38:12.388532"
"Myrmica rubra (hageeitermaur)","",119133,"adult",f,f,"",t,"2018-06-26 10:18:18.509006"
"Myrmica ruginodis (skogeitermaur)","",119135,"adult",f,f,"",t,"2018-06-26 10:18:18.509006"
"Neanura muscorum (Templeton, 1835)","",15199,"adult",f,f,"",t,"2018-06-26 10:18:18.509006"
"Nematoda spp.","",,"adult",f,f,"",f,"2018-06-26 10:18:18.509006"
"Neuraphes sp.","",,"adult",t,f,"",f,"2018-06-26 10:18:18.509006"
"Neuroptera spp.","",,"adult",f,f,"",f,"2018-06-26 10:18:18.509006"
"Nysius ericae","",110295,"adult",f,f,"",t,"2018-06-26 10:18:18.509006"
"Olibrus aeneus","",8112,"adult",f,f,"",t,"2018-06-26 10:18:18.509006"
"Oligochaeta spp.","",,"adult",f,f,"",f,"2018-06-26 10:18:18.509006"
"Oligota pusillima","",11984,"adult",f,t,"",f,"2018-11-05 14:58:30.778214"
"Omalium rivulare","",12332,"adult",f,f,"",t,"2018-06-26 10:18:18.509006"
"Oniscidea spp.","",,"adult",f,f,"",f,"2018-06-26 10:18:18.509006"
"Onychiurus folsomi (Schäffer, 1900)","",15284,"adult",f,f,"",t,"2018-06-26 10:18:18.509006"
"Onychiurus normalis Gisin, 1949","",15283,"adult",f,t,"LO",f,"2018-06-26 10:18:18.509006"
"Onychiurus sp. ""volinensis""","",,"adult",f,t,"",f,"2018-06-26 10:18:18.509006"
"Opiliiones spp.","",,"adult",f,f,"",f,"2018-06-26 10:18:18.509006"
"Orchesella cincta (Linnaeus, 1758)","",15623,"adult",f,f,"",t,"2018-06-26 10:18:18.509006"
"Orchesella sp. juv.","",,"juvenile",t,f,"",f,"2018-06-26 10:18:18.509006"
"Orius sp.","",,"adult",t,f,"",f,"2018-06-26 10:18:18.509006"
"Ostearius melanopygius","",2881,"adult",f,t,"PH",f,"2018-06-26 10:18:18.509006"
"Othius laeviusculus","",12744,"adult",f,f,"",f,"2018-10-05 09:42:07.474524"
"Otiorhynchus ovatus","",8869,"adult",f,f,"",t,"2018-06-26 10:18:18.509006"
"Otiorhynchus sulcatus","",8880,"adult",f,f,"",f,"2018-10-05 09:43:08.668245"
"Oxidus gracilus (""drivhustusenbein"")","",,"adult",f,t,"",f,"2018-06-26 10:18:18.509006"
"Oxypoda exoleta","",12116,"adult",f,f,"",t,"2018-06-26 10:18:18.509006"
"Oxypoda sp.1","",,"adult",t,f,"",f,"2018-06-26 10:18:18.509006"
"Oxypoda sp.2","",,"adult",t,t,"",f,"2018-06-26 10:18:18.509006"
"Oxypoda sp.3","",,"adult",t,f,"",f,"2018-06-26 10:18:18.509006"
"Oxypoda sp.4","",,"adult",t,f,"",f,"2018-06-26 10:18:18.509006"
"Oxypoda sp.5","",,"adult",t,f,"",f,"2018-06-26 10:18:18.509006"
"Oxypoda spp.","",,"adult",f,f,"",f,"2018-10-05 09:43:32.69967"
"Ozyptila sp. juv.","",,"juvenile",t,f,"",t,"2018-06-26 10:18:18.509006"
"Paralister purpurascens","",13365,"adult",f,f,"",t,"2018-06-26 10:18:18.509006"
"Paranurophorus simplex Denis, 1929","",,"adult",f,t,"",f,"2018-06-26 10:18:18.509006"
"Parascythopus intrusus","",,"adult",f,f,"",f,"2018-10-05 09:43:51.994215"
"Parasitica spp.","",,"adult",f,f,"",f,"2018-06-26 10:18:18.509006"
"Paratullbergia callipygos (Börner, 1902)","",15306,"adult",f,f,"",t,"2018-06-26 10:18:18.509006"
"Paratullbergia macdougalli  Bagnall, 1936","",,"adult",f,t,"",f,"2018-06-26 10:18:18.509006"
"Parisotoma notabilis (Schäffer, 1896)","",15517,"adult",f,f,"",t,"2018-06-26 10:18:18.509006"
"Pelecopsis mengei","",2888,"adult",f,f,"",t,"2018-06-26 10:18:18.509006"
"Peponocranium ludicrum","",2892,"adult",f,f,"",t,"2018-06-26 10:18:18.509006"
"Perapion marchicum","",8233,"adult",f,f,"",t,"2018-06-26 10:18:18.509006"
"Pheidole pallidula","",156978,"adult",f,t,"",f,"2018-06-26 10:18:18.509006"
"Philonthus cognatus","",12837,"adult",f,f,"",t,"2018-06-26 10:18:18.509006"
"Plagiolepsis pygmaea","",,"adult",f,t,"",f,"2018-06-26 10:18:18.509006"
"Plagiolepsis vindobonensis","",,"adult",f,t,"",f,"2018-06-26 10:18:18.509006"
"Platystethus capito","",12415,"adult",f,f,"",f,"2018-10-05 09:47:20.877965"
"Platystethus degener","",169737,"adult",f,t,"",f,"2018-06-26 10:18:18.509006"
"Pleurophorus caesus","",10669,"adult",f,t,"",f,"2018-06-26 10:18:18.509006"
"Polyxenus lagurus (børstetusenbein)","",48339,"adult",f,f,"",f,"2018-06-26 10:18:18.509006"
"Ponera testacea","",169230,"adult",f,t,"",f,"2018-06-26 10:18:18.509006"
"Pongeiella falca (Christiansen & Bellinger, 1980)","",120073,"adult",f,f,"",t,"2018-06-26 10:18:18.509006"
"Proisotoma minuta (Tullberg, 1871)","",15453,"adult",f,f,"",t,"2018-06-26 10:18:18.509006"
"Proisotoma subminuta Denis, 1931","",15455,"adult",f,t,"LO",f,"2018-06-26 10:18:18.509006"
"Protaphorura armata (Tullberg, 1869)","",15250,"adult",f,f,"",t,"2018-06-26 10:18:18.509006"
"Protaphorura cancellata (Gisin, 1956)","",15256,"adult",f,f,"",t,"2018-06-26 10:18:18.509006"
"Protaphorura fimata (Gisin, 1952)","",15272,"adult",f,t,"LO",f,"2018-06-26 10:18:18.509006"
"Protaphorura pulvinata (Gisin, 1954)","",,"adult",f,t,"",f,"2018-06-26 10:18:18.509006"
"Protaphorura sp. juv.","",,"juvenile",t,f,"",f,"2018-06-26 10:18:18.509006"
"Protapion fulvipes","",8346,"adult",f,f,"",t,"2018-06-26 10:18:18.509006"
"Proteinus laevigatus","",12615,"adult",f,f,"",t,"2018-06-26 10:18:18.509006"
"Proteinus ovalis","",12616,"adult",f,f,"",f,"2018-10-05 09:47:53.788285"
"Pseudachorutes parvulus Börner, 1901","",15158,"adult",f,f,"",t,"2018-06-26 10:18:18.509006"
"Pseudisotoma monochaeta (Kos, 1942)","",15510,"adult",f,f,"",t,"2018-06-26 10:18:18.509006"
"Pseudisotoma sensibilis  (Tullberg, 1876)","",15508,"adult",f,f,"",t,"2018-06-26 10:18:18.509006"
"Pseudoscorpiones spp.","",,"adult",f,f,"",f,"2018-06-26 10:18:18.509006"
"Pseudosinella sexoculata Schött, 1902","",15611,"adult",f,f,"",t,"2018-06-26 10:18:18.509006"
"Pseudosinella sp.","",,"adult",t,t,"",f,"2018-06-26 10:18:18.509006"
"Psocoptera spp.","",,"adult",f,f,"",f,"2018-06-26 10:18:18.509006"
"Ptenidium nitidum","",11327,"adult",f,f,"",t,"2018-06-26 10:18:18.509006"
"Quedius semiaeneus","",12946,"adult",f,f,"",f,"2018-10-05 09:48:30.659833"
"Rabigus pullus","",169738,"adult",f,t,"",f,"2018-06-26 10:18:18.509006"
"Rhinoncus perpendicularis","",8558,"adult",f,f,"",t,"2018-06-26 10:18:18.509006"
"Schistoglossa curtipennis","",11829,"adult",f,f,"",t,"2018-06-26 10:18:18.509006"
"Scolopostethus affinis","",110365,"adult",f,f,"",t,"2018-06-26 10:18:18.509006"
"Scopaeus cf. reyi","",,"adult",f,t,"",f,"2018-06-26 10:18:18.509006"
"Scopaeus laevigatus","",12576,"adult",f,t,"",f,"2018-06-26 10:18:18.509006"
"Scopaeus ryei","",12579,"adult",f,f,"",f,"2018-10-05 09:48:47.386831"
"Scopaeus sp. A","",,"adult",t,t,"",f,"2018-06-26 10:18:18.509006"
"Sericoderus lateralis","",7564,"adult",f,f,"",t,"2018-06-26 10:18:18.509006"
"Silometopus ambiguus","",2926,"adult",f,f,"",t,"2018-06-26 10:18:18.509006"
"Simplocaria semistriata","",10055,"adult",f,f,"",t,"2018-06-26 10:18:18.509006"
"Sinella tenebricosa Folsom, 1902","",15577,"adult",f,t,"LO",f,"2018-06-26 10:18:18.509006"
"Sminthurides sp. juv.","",,"juvenile",t,f,"",f,"2018-06-26 10:18:18.509006"
"Sminthurinus elegans (Fitch, 1863)","",15710,"adult",f,f,"",t,"2018-06-26 10:18:18.509006"
"Sminthurinus lawrencei (Gisin, 1963)","",,"adult",f,t,"",f,"2018-06-26 10:18:18.509006"
"Sminthurinus niger (Lubbock, 1868)","",15717,"adult",f,t,"LO",f,"2018-06-26 10:18:18.509006"
"Sminthurinus sp. juv.","",,"juvenile",t,f,"",f,"2018-06-26 10:18:18.509006"
"Sminthurinus trinotatus Axelson, 1905","",15719,"adult",f,t,"LO",f,"2018-06-26 10:18:18.509006"
"Solenopsis fugax","",169218,"adult",f,t,"",f,"2018-06-26 10:18:18.509006"
"Sphaeridia pumilis (Krausbauert, 1898)","",15670,"adult",f,f,"",t,"2018-06-26 10:18:18.509006"
"Stenaphorura lubbocki Bagnall, 1935","",15294,"adult",f,f,"",t,"2018-06-26 10:18:18.509006"
"Stenichnus sp.","",,"adult",t,f,"",f,"2018-06-26 10:18:18.509006"
"Stenus argus","",13045,"adult",f,f,"",t,"2018-06-26 10:18:18.509006"
"Stenus impressus","",13010,"adult",f,f,"",t,"2018-06-26 10:18:18.509006"
"Stenus juno","",13074,"adult",f,f,"",t,"2018-06-26 10:18:18.509006"
"Stephostethus lardarius","",7922,"adult",f,f,"",t,"2018-06-26 10:18:18.509006"
"Sternorrhyncha spp. juv.","",,"nymph",f,f,"",f,"2018-06-26 10:18:18.509006"
"Strumigenys membranifera","",169217,"adult",f,t,"",f,"2018-06-26 10:18:18.509006"
"Symphyla spp.","",,"adult",f,f,"",f,"2018-06-26 10:18:18.509006"
"Symphyta spp. juv.","",,"larvae",f,f,"",f,"2018-06-26 10:18:18.509006"
"Tachyporus cf. pusillus","",,"adult",f,f,"",t,"2018-06-26 10:18:18.509006"
"Tachyporus chrysomelinus","",13213,"adult",f,f,"",f,"2018-10-05 09:49:05.926786"
"Tachyporus dispar","",13215,"adult",f,f,"",t,"2018-06-26 10:18:18.509006"
"Tachyporus nitidulus","",13219,"adult",f,f,"",t,"2018-06-26 10:18:18.509006"
"Tachyporus obtusus","",13221,"adult",f,f,"",t,"2018-06-26 10:18:18.509006"
"Tachyura parvula","",5828,"adult",f,t,"",f,"2018-06-26 10:18:18.509006"
"Tapinoma nigerrimum","",,"adult",f,t,"",f,"2018-06-26 10:18:18.509006"
"Telmatophilus typhae","",7729,"adult",f,f,"",f,"2018-10-05 09:49:21.783031"
"Temnothorax nylanderi (skogdvergmaur)","",128815,"adult",f,f,"",t,"2018-06-26 10:18:18.509006"
"Tetramorium caespitum (mørk sandmaur)","",119161,"adult",f,f,"",t,"2018-06-26 10:18:18.509006"
"Tetramorium semilaeve","",152653,"adult",f,t,"",f,"2018-06-26 10:18:18.509006"
"Thalassaphorura encarpata (Denis, 1931)","",15246,"adult",f,t,"LO",f,"2018-06-26 10:18:18.509006"
"Thecturota marchii","",11954,"adult",f,t,"LO",f,"2018-06-26 10:18:18.509006"
"Theridiidae spp. juv.","",,"juvenile",f,f,"",f,"2018-06-26 10:18:18.509006"
"Thysanoptera spp.","",,"adult",f,f,"",f,"2018-06-26 10:18:18.509006"
"Thysanoptera spp. juv and adult","",,"nymph and adult",f,f,"",f,"2018-06-26 10:18:18.509006"
"Tinotus morion","",11520,"adult",f,f,"",f,"2018-10-05 09:49:37.351063"
"Tomocerus minor (Lubbock, 1862)","",15645,"adult",f,f,"",t,"2018-06-26 10:18:18.509006"
"Tomocerus sp. juv.","",,"juvenile",t,f,"",f,"2018-06-26 10:18:18.509006"
"Tomocerus vulgaris (Tullberg, 1871)","",15647,"adult",f,f,"",t,"2018-06-26 10:18:18.509006"
"Toramus cf. pulchellus","",,"adult",f,t,"",f,"2018-06-26 10:18:18.509006"
"Trichiusa immigrata","",11841,"adult",f,f,"",f,"2018-10-05 09:49:54.169588"
"Trotoma pubescens","",,"adult",f,t,"",f,"2018-06-26 10:18:18.509006"
"Tychius picirostris","",8798,"adult",f,f,"",t,"2018-06-26 10:18:18.509006"
"Tychus pullus","",170413,"adult",f,f,"",f,"2018-10-05 09:50:08.264673"
"Tychus sp.","",,"adult",t,t,"",f,"2018-06-26 10:18:18.509006"
"Vertagopus arboreus (Linnaeus, 1758)","",15495,"adult",f,f,"",t,"2018-06-26 10:18:18.509006"
"Vertagopus sp.","",,"adult",t,f,"",f,"2018-06-26 10:18:18.509006"
"Willemia anophthalma Börner, 1901","",15122,"adult",f,f,"",t,"2018-06-26 10:18:18.509006"
"Willemia denisi Mills, 1932","",15126,"adult",f,f,"",t,"2018-06-26 10:18:18.509006"
"Willemia intermedia Mills, 1934","",15123,"adult",f,f,"",t,"2018-06-26 10:18:18.509006"
"Willowsia nigromaculata (Lubbock, 1873)","",15619,"adult",f,f,"",t,"2018-06-26 10:18:18.509006"
"Xantholinus longiventris","",13000,"adult",f,f,"",t,"2018-06-26 10:18:18.509006"
"Xantholinus sp. A","",,"adult",t,f,"",f,"2018-06-26 10:18:18.509006"
"Xantholinus sp. B","",,"adult",t,f,"",f,"2018-06-26 10:18:18.509006"
"Xantholinus sp. (hunner)","",,"adult",f,f,"",f,"2018-10-05 09:51:07.832758"
"Xenylla grisea Axelson, 1900","",15119,"adult",f,f,"",t,"2018-06-26 10:18:18.509006"
"Xenylla maritima Tullberg, 1869","",15115,"adult",f,f,"",t,"2018-06-26 10:18:18.509006"
"Xenylla mediterranea Gama, 1964","",15117,"adult",f,f,"",t,"2018-06-26 10:18:18.509006"
"Xenylla sp. juv.","",,"juvenile",t,f,"",f,"2018-06-26 10:18:18.509006"
"Xenylla welchi Folsom, 1916","",,"adult",f,t,"",f,"2018-06-26 10:18:18.509006"
