species_latin,stadium,indetermined,autorstring,native,alien,blacklist_cat
Acari spp.,adult,TRUE,NA,FALSE,FALSE,NA
Acrotona cf. fungi,adult,FALSE,NA,TRUE,FALSE,NA
Acrotona cf. negligens,adult,FALSE,NA,TRUE,FALSE,NA
Acrotona cf. parens,adult,FALSE,NA,TRUE,FALSE,NA
Acrotona exigua,adult,FALSE,NA,TRUE,FALSE,NA
Acrotona orbata,adult,FALSE,NA,TRUE,FALSE,NA
Acrotona sp. A,adult,TRUE,NA,FALSE,FALSE,NA
Acrotona sp. B,adult,TRUE,NA,FALSE,FALSE,NA
Acrotona sp. C,adult,TRUE,NA,FALSE,FALSE,NA
Acrotrichis henrici,adult,FALSE,NA,FALSE,TRUE,NA
Acrotrichis sp.,adult,TRUE,NA,FALSE,FALSE,NA
Acupalpus brunnipes,adult,FALSE,NA,FALSE,TRUE,NA
Acupalpus meridianus,adult,FALSE,NA,TRUE,FALSE,NA
Acupalpus parvulus,adult,FALSE,NA,TRUE,FALSE,NA
Acupalpus sp.,adult,TRUE,NA,FALSE,TRUE,NA
Adalia decempunctata,adult,FALSE,NA,TRUE,FALSE,NA
Adistemia watsoni,adult,FALSE,NA,FALSE,TRUE,LO
Agathidium marginatum,adult,FALSE,NA,TRUE,FALSE,NA
Aleochara  cf. bipustulata,adult,FALSE,NA,TRUE,FALSE,NA
Aleocharinae sp. A,adult,TRUE,NA,FALSE,TRUE,NA
Aleocharinae sp. B,adult,TRUE,NA,FALSE,TRUE,NA
Aleocharinae sp. C,adult,TRUE,NA,FALSE,FALSE,NA
Aleocharinae sp. D,adult,TRUE,NA,FALSE,FALSE,NA
Aloconota gregaria,adult,FALSE,NA,TRUE,FALSE,NA
Amara aenea,adult,FALSE,NA,TRUE,FALSE,NA
Amara spreta,adult,FALSE,NA,TRUE,FALSE,NA
Amara tibialis,adult,FALSE,NA,FALSE,FALSE,NA
Amischa analis,adult,FALSE,NA,TRUE,FALSE,NA
Amischa bifoveolata,adult,FALSE,NA,TRUE,FALSE,NA
Amischa cf. forcipata,adult,FALSE,NA,FALSE,TRUE,NA
Amischa decipiens,adult,FALSE,NA,TRUE,FALSE,NA
Amischa nigrofusca,adult,FALSE,NA,TRUE,FALSE,NA
Anotylus nitidulus,adult,FALSE,NA,TRUE,FALSE,NA
Anotylus sp. B,adult,TRUE,NA,FALSE,FALSE,NA
Anthobium melanocephalum,adult,FALSE,NA,TRUE,FALSE,NA
Anthobium unicolor,adult,FALSE,NA,FALSE,FALSE,NA
Anurophorus laricis,adult,FALSE,"Nicolet, 1842",TRUE,FALSE,NA
Anurophorus satchelli,adult,FALSE," Goto, 1956",FALSE,TRUE,NA
Aphiodoidea spp. juv. and adult,nymph and adult,TRUE,NA,FALSE,FALSE,NA
Aphodius prodromus,adult,FALSE,NA,FALSE,FALSE,NA
Aranae spp.,adult,TRUE,NA,FALSE,FALSE,NA
Arrhopalites sp. juv.,juvenile,TRUE,NA,FALSE,FALSE,NA
Atheta amicula,adult,FALSE,NA,TRUE,FALSE,NA
Atheta inquinula,adult,FALSE,NA,FALSE,TRUE,LO
Atheta (Philhygra) sp.,adult,TRUE,NA,FALSE,FALSE,NA
Atheta sordidula,adult,FALSE,NA,TRUE,FALSE,NA
Atheta sp.9 (jfr. 2012),adult,TRUE,NA,FALSE,FALSE,NA
Atheta sp. A,adult,TRUE,NA,FALSE,FALSE,NA
Atheta sp. B,adult,TRUE,NA,FALSE,FALSE,NA
Atheta (s.str.) aeneicollis,adult,FALSE,NA,TRUE,FALSE,NA
Atheta (s.str.) autumnalis,adult,FALSE,NA,TRUE,FALSE,NA
Atheta (s.str.) basicornis,adult,FALSE,NA,TRUE,FALSE,NA
Atomaria atricapilla,adult,FALSE,NA,TRUE,FALSE,NA
Atomaria fuscata,adult,FALSE,NA,TRUE,FALSE,NA
Atomaria fuscipes,adult,FALSE,NA,TRUE,FALSE,NA
Atomaria longicornis,adult,FALSE,NA,FALSE,FALSE,NA
Atomaria nigrirostris,adult,FALSE,NA,TRUE,FALSE,NA
Atomaria rhenonum,adult,FALSE,NA,TRUE,FALSE,NA
Atomaria sp.,adult,TRUE,NA,FALSE,FALSE,NA
Aucheorrhyncha spp.,adult,TRUE,NA,FALSE,FALSE,NA
Aucheorrhyncha spp. juv.,nymph,TRUE,NA,FALSE,FALSE,NA
Balclutha punctata,adult,FALSE,NA,TRUE,FALSE,NA
Ballistura schoetti,adult,FALSE,NA,FALSE,TRUE,NA
Barypeithes pellucidus,adult,FALSE,NA,TRUE,FALSE,NA
Bembidion bruxellense,adult,FALSE,NA,TRUE,FALSE,NA
Bembidion quadrimaculatum,adult,FALSE,NA,FALSE,FALSE,NA
Bembidion tetracolum,adult,FALSE,NA,FALSE,FALSE,NA
Bibloplectus sp.,adult,TRUE,NA,FALSE,FALSE,NA
Bledius gallicus,adult,FALSE,NA,TRUE,FALSE,NA
Bledius opacus,adult,FALSE,NA,TRUE,FALSE,NA
Boromorphus cf. italicus,adult,FALSE,NA,FALSE,TRUE,NR
Bourletiella sp. juv.,juvenile,TRUE,NA,FALSE,FALSE,NA
Brachystomella parvula,adult,FALSE,"(Schäffer, 1896)",TRUE,FALSE,NA
Bythinus burelli,adult,FALSE,NA,TRUE,FALSE,NA
Campylosteira serena,adult,FALSE,NA,FALSE,TRUE,NR
Cantharis cryptica,adult,FALSE,NA,FALSE,TRUE,LO
Carpelimus corticinus,adult,FALSE,NA,TRUE,FALSE,NA
Carpelimus rivularis,adult,FALSE,NA,FALSE,FALSE,NA
Carpelimus sp.,adult,TRUE,NA,FALSE,FALSE,NA
Carpelimus subtilis,adult,FALSE,NA,FALSE,FALSE,NA
Carpelimus tetracarinatus,adult,FALSE,NA,TRUE,FALSE,NA
Carpelimus zealandicus,adult,FALSE,NA,FALSE,TRUE,PH
Carpelimus zealandicus juv.,larvae,FALSE,NA,FALSE,TRUE,PH
Cartodere bifasciata,adult,FALSE,NA,FALSE,TRUE,LO
Cartodere nodifer,adult,FALSE,NA,FALSE,TRUE,PH
Ceratophysella denticulata,adult,FALSE,"(Bagnall, 1941)",TRUE,FALSE,NA
Ceratophysella engadinensis,adult,FALSE,"(Gisin, 1949)",FALSE,TRUE,LO
Ceratophysella gibbosa,adult,FALSE,"(Bagnall, 1940)",FALSE,TRUE,LO
Ceratophysella sp. juv.,juvenile,TRUE,NA,FALSE,FALSE,NA
Ceratophysella succinea,adult,FALSE,"Gisin, 1949",TRUE,FALSE,NA
Ceutorhynchus hirtulus,adult,FALSE,NA,TRUE,FALSE,NA
cf. Lepisma saccharina (sølvkre),adult,TRUE,NA,FALSE,FALSE,NA
Chaetocnema concinna,adult,FALSE,NA,TRUE,FALSE,NA
Chaetocnema hortensis,adult,FALSE,NA,TRUE,FALSE,NA
Chaetophora spinosa,adult,FALSE,NA,FALSE,TRUE,NR
Chilopoda spp.,adult,TRUE,NA,FALSE,FALSE,NA
Cis micans,adult,FALSE,NA,TRUE,FALSE,NA
Clambus simsoni,adult,FALSE,NA,FALSE,TRUE,LO
Clivina fossor,adult,FALSE,NA,TRUE,FALSE,NA
Coccinella undecimpunctata,adult,FALSE,NA,TRUE,FALSE,NA
Coccioidea spp. juv. and adult,nymph and adult,TRUE,NA,FALSE,FALSE,NA
Coleoptera spp. juv,larvae,TRUE,NA,FALSE,FALSE,NA
Colon sp.,adult,TRUE,NA,FALSE,FALSE,NA
Corticaria cf. lapponica,adult,FALSE,NA,FALSE,FALSE,NA
Corticarina cavicollis,adult,FALSE,NA,FALSE,TRUE,LO
Corticarina fuscula,adult,FALSE,NA,TRUE,FALSE,NA
Cortinicara gibbosa,adult,FALSE,NA,TRUE,FALSE,NA
Deraeocoris lutescens,adult,FALSE,NA,FALSE,TRUE,SE
Dermaptera spp.,adult,TRUE,NA,FALSE,FALSE,NA
Deruterosminthurus sp. juv.,juvenile,TRUE,NA,FALSE,FALSE,NA
Desoria grisea,adult,FALSE,"(Lubbock, 1869)",TRUE,FALSE,NA
Desoria hiemalis,adult,FALSE,"(Schött, 1893)",TRUE,FALSE,NA
Desoria trispinata,adult,FALSE," (MacGillivray, 1896)",FALSE,TRUE,LO
Dicyrtoma minuta,adult,FALSE," (Fabricius, 1783)",TRUE,FALSE,NA
Dicyrtoma sp. juv.,juvenile,TRUE,NA,FALSE,FALSE,NA
Dienerella filiformis,adult,FALSE,NA,FALSE,FALSE,NA
Dienerella vincenti,adult,FALSE,NA,FALSE,FALSE,NA
Diplocephalus cristatus,adult,FALSE,NA,TRUE,FALSE,NA
Diplopoda spp.,adult,TRUE,NA,FALSE,FALSE,NA
Diptera spp.,adult,TRUE,NA,FALSE,FALSE,NA
Diptera spp. juv.,larvae and pupae,TRUE,NA,FALSE,FALSE,NA
Dyschirius thoracicus,adult,FALSE,NA,TRUE,FALSE,NA
Dyschirius tristis,adult,FALSE,NA,TRUE,FALSE,NA
Elaphropus haemorrhoidalis,adult,FALSE,NA,FALSE,TRUE,NA
Elaphropus quadrisignatus,adult,FALSE,NA,FALSE,TRUE,NR
Elateridae spp. juv,larvae,TRUE,NA,FALSE,FALSE,NA
Embioptera spp.,adult,TRUE,NA,FALSE,FALSE,NA
Entomobrya cf. lanuginosa,adult,FALSE,"lanuginosa (Nicolet, 1841)",TRUE,FALSE,NA
Entomobrya nicoleti,adult,FALSE,"(Lubbock, 1867)",TRUE,FALSE,NA
Entomobrya nigrocincta,adult,FALSE,"Denis, 1923",FALSE,TRUE,NA
Entomobrya nigrocincta/multifasciata,adult,FALSE,NA,TRUE,FALSE,NA
Entomobrya sp.,adult,TRUE,NA,FALSE,FALSE,NA
Entomobrya sp. juv.,juvenile,TRUE,NA,FALSE,FALSE,NA
Ephistemus globulus,adult,FALSE,NA,TRUE,FALSE,NA
Erichsonius signaticornis,adult,FALSE,NA,FALSE,TRUE,NK
Erigone atra,adult,FALSE,NA,TRUE,FALSE,NA
Erigone dentosa,adult,FALSE,NA,FALSE,TRUE,NR
Euplectus karsteni,adult,FALSE,NA,TRUE,FALSE,NA
Eupteryx decemnotata,adult,FALSE,NA,FALSE,TRUE,LO
Folsomia candida,adult,FALSE,"(Willem, 1902)",TRUE,FALSE,NA
Folsomia fimetaria,adult,FALSE,"(Linnaeus, 1758)",TRUE,FALSE,NA
Folsomia kuznetsovae,adult,FALSE,"Potapov & Taskaeva, 2009",TRUE,FALSE,NA
Folsomia litsteri,adult,FALSE,"Bagnall, 1939",TRUE,FALSE,NA
Folsomia manolachei,adult,FALSE,"Bagnall, 1939",TRUE,FALSE,NA
Folsomia quadrioculata,adult,FALSE,"(Tullberg, 1871)",TRUE,FALSE,NA
Folsomia similis,adult,FALSE,"Bagnall, 1939",FALSE,TRUE,LO
Folsomides centralis,adult,FALSE,"(Denis, 1931)",FALSE,TRUE,NA
Folsomides parvulus,adult,FALSE,"Stach, 1922",TRUE,FALSE,NA
Folsomides sp.,adult,TRUE,NA,FALSE,TRUE,NA
Folsomina onychiurina,adult,FALSE," Denis, 1931",FALSE,TRUE,NA
Formica rufa,adult,FALSE,NA,TRUE,FALSE,NA
Friesea claviseta,adult,FALSE,"Axelson, 1900",TRUE,FALSE,NA
Friesea mirabilis,adult,FALSE,"(Tullberg, 1871)",TRUE,FALSE,NA
Friesea sp. 0+0 oc,adult,TRUE,NA,FALSE,TRUE,NA
Friesea truncata,adult,FALSE,"Cassagnau, 1958",TRUE,FALSE,NA
Gabrius appendiculatus,adult,FALSE,NA,TRUE,FALSE,NA
Gabrius breviventer,adult,FALSE,NA,TRUE,FALSE,NA
Gabrius sp. (hunner),adult,TRUE,NA,FALSE,FALSE,NA
Gabronthus thermarum,adult,FALSE,NA,FALSE,TRUE,LO
Gastropoda spp.,adult,TRUE,NA,FALSE,FALSE,NA
Gnathonarium dentatum,adult,FALSE,NA,TRUE,FALSE,NA
Gongylidiellum latebricola,adult,FALSE,NA,TRUE,FALSE,NA
Gyrohypnus angustatus,adult,FALSE,NA,TRUE,FALSE,NA
Harpalus affinis,adult,FALSE,NA,TRUE,FALSE,NA
Harpalus rubripes,adult,FALSE,NA,FALSE,FALSE,NA
Harpalus tardus,adult,FALSE,NA,TRUE,FALSE,NA
Helophorus brevipalpis,adult,FALSE,NA,TRUE,FALSE,NA
Helophorus obscurus,adult,FALSE,NA,TRUE,FALSE,NA
Helophorus porculus,adult,FALSE,NA,FALSE,TRUE,LO
Hemisotoma bipunctata,adult,FALSE,NA,FALSE,FALSE,NA
Hemisotoma ponticus,adult,FALSE,"(Stach, 1947)",FALSE,TRUE,NA
Hemisotoma scapellifer,adult,FALSE,"(Gisin, 1955)",TRUE,FALSE,NA
Hemisotoma thermophila,adult,FALSE,"(Axelson, 1990)",TRUE,FALSE,NA
Heteromurus major,adult,FALSE,"Moniez, 1889",FALSE,TRUE,NA
Heteroptera spp.,adult,TRUE,NA,FALSE,FALSE,NA
Heteroptera spp. juv,juvenile,TRUE,NA,FALSE,FALSE,NA
Heteroptera spp. juv.,nymph,TRUE,NA,FALSE,FALSE,NA
Holoparamecus niger,adult,FALSE,NA,FALSE,TRUE,NR
Hydrosmecta leptotyphloides,adult,FALSE,NA,FALSE,FALSE,NA
Hypogastrura assimilis,adult,FALSE,"Krausbauer, 1898",TRUE,FALSE,NA
Hypogastrura distincta,adult,FALSE,NA,FALSE,TRUE,NA
Hypogastrura purpurescens,adult,FALSE,"(Lubbock, 1867)",TRUE,FALSE,NA
Hypoponera cf. eduardi,adult,FALSE,NA,FALSE,TRUE,NR
Hypoponera sp.,adult,TRUE,NA,FALSE,FALSE,NA
Ischnocera spp.,adult,TRUE,NA,FALSE,FALSE,NA
Ischnosoma bergrothi,adult,FALSE,NA,FALSE,FALSE,NA
Isotoma anglicana,adult,FALSE,"Lubbock, 1862",TRUE,FALSE,NA
Isotoma caerulea,adult,FALSE,"Bourlet, 1839",TRUE,FALSE,NA
Isotoma sp. juv.,juvenile,TRUE,NA,FALSE,FALSE,NA
Isotoma viridis,adult,FALSE,"Bourlet, 1839",TRUE,FALSE,NA
Isotomiella minor,adult,FALSE,"(Schäffer, 1896)",TRUE,FALSE,NA
Isotomodes productus,adult,FALSE,NA,FALSE,FALSE,NA
Isotomurus graminis,adult,FALSE,"Fjellberg, 2007",TRUE,FALSE,NA
Isotomurus maculatus,adult,FALSE,"(Schäffer, 1896)",TRUE,FALSE,NA
Isotomurus palustris,adult,FALSE,"(Müller, 1776)",TRUE,FALSE,NA
Isotomurus pseudopalustris,adult,FALSE,"Carapelli et al., 2001",FALSE,TRUE,NA
Isotomurus sp. juv.,juvenile,TRUE,NA,FALSE,FALSE,NA
Kleidocerys resedae,adult,FALSE,NA,TRUE,FALSE,NA
Lasius fuliginosus,adult,FALSE,NA,TRUE,FALSE,NA
Lasius niger,adult,FALSE,NA,TRUE,FALSE,NA
Lasius platythorax,adult,FALSE,NA,TRUE,FALSE,NA
Latridius porcatus,adult,FALSE,NA,FALSE,FALSE,NA
Leiodes sp.,adult,TRUE,NA,FALSE,FALSE,NA
Lepidocyrtus cf. lanuginosus,adult,FALSE,"lanuginosus (Gmelin, 1790)",TRUE,FALSE,NA
Lepidocyrtus pallidus,adult,FALSE,"Reuter, 1890",FALSE,TRUE,LO
Lepidocyrtus sp.,adult,TRUE,NA,TRUE,FALSE,NA
Lepidoptera spp.,adult,TRUE,NA,FALSE,FALSE,NA
Lepidoptera spp. juv.,larvae,TRUE,NA,FALSE,FALSE,NA
Lesteva longoelytrata,adult,FALSE,NA,TRUE,FALSE,NA
Linepithema humile,adult,FALSE,NA,FALSE,TRUE,HI
Linyphidae spp. juv.,juvenile,TRUE,NA,FALSE,FALSE,NA
Lochmaea suturalis,adult,FALSE,NA,TRUE,FALSE,NA
Lygus rugulipennis,adult,FALSE,NA,TRUE,FALSE,NA
Mecinus pascuorum,adult,FALSE,NA,TRUE,FALSE,NA
Medon sp.,adult,TRUE,NA,FALSE,TRUE,NA
Megalothorax minimus,adult,FALSE,"Willem, 1900",TRUE,FALSE,NA
Megasternum concinnum,adult,FALSE,NA,TRUE,FALSE,NA
Megophthalmus scanicus,adult,FALSE,NA,TRUE,FALSE,NA
Melanophthalma fuscipennis,adult,FALSE,NA,FALSE,TRUE,NR
Meotica cf. marchica,adult,FALSE,NA,FALSE,TRUE,NR
Meotica sp.,adult,TRUE,NA,FALSE,TRUE,NA
Meotica sp. A,adult,TRUE,NA,FALSE,FALSE,NA
Meotica sp. B,adult,TRUE,NA,FALSE,FALSE,NA
Mermessus denticulatus,adult,FALSE,NA,FALSE,TRUE,NA
Mermessus trilobatus,adult,FALSE,NA,FALSE,TRUE,NA
Mermessus trilobatus/denticulatus,adult,TRUE,NA,FALSE,TRUE,NA
Mesaphorura critica,adult,FALSE,"Ellis, 1976",TRUE,FALSE,NA
Mesaphorura delamarei,adult,FALSE,"Weiner, 1991",FALSE,TRUE,NA
Mesaphorura hylophila,adult,FALSE,"Rusek, 1982",TRUE,FALSE,NA
Mesaphorura italica,adult,FALSE,"(Rusek, 1971)",TRUE,FALSE,NA
Mesaphorura jarmilae,adult,FALSE,"Rusek, 1982",TRUE,FALSE,NA
Mesaphorura jevanica,adult,FALSE,"Rusek, 1996",FALSE,TRUE,NA
Mesaphorura jirii,adult,FALSE,"Rusek, 1982",TRUE,FALSE,NA
Mesaphorura krausbaueri,adult,FALSE,"Börner, 1901",TRUE,FALSE,NA
Mesaphorura macrochaeta,adult,FALSE,"Rusek, 1976",TRUE,FALSE,NA
Mesaphorura pongei,adult,FALSE,"Rusek, 1982",TRUE,FALSE,NA
Mesaphorura simoni,adult,FALSE,"Jordana & Arbea, 1994",FALSE,TRUE,NA
Mesaphorura sp. juv.,juvenile,TRUE,NA,FALSE,FALSE,NA
Mesaphorura tenuisensillata,adult,FALSE,"Rusek, 1974",TRUE,FALSE,NA
Mesaphorura yosii,adult,FALSE,"(Rusek, 1971)",TRUE,FALSE,NA
Metabletus truncatellus,adult,FALSE,NA,TRUE,FALSE,NA
Metopsia clypeata,adult,FALSE,NA,TRUE,FALSE,NA
Micranurida pygmaea,adult,FALSE,"Börner, 1901",TRUE,FALSE,NA
Micranurophorus musci,adult,FALSE,"Bernard, 1977",TRUE,FALSE,NA
Micraphorura absoloni,adult,FALSE,"(Börner, 1901)",TRUE,FALSE,NA
Micropeplus porcatus,adult,FALSE,NA,TRUE,FALSE,NA
Monotoma brevicollis,adult,FALSE,NA,TRUE,FALSE,NA
Morychus aeneus,adult,FALSE,NA,TRUE,FALSE,NA
Murcrosomia garretti,adult,FALSE,"(Bagnall, 1939)",FALSE,TRUE,NA
Mycetoporus baudueri,adult,FALSE,NA,FALSE,FALSE,NA
Myrmica rubra,adult,FALSE,NA,TRUE,FALSE,NA
Myrmica ruginodis,adult,FALSE,(skogeitermaur),TRUE,FALSE,NA
Neanura muscorum,adult,FALSE,"(Templeton, 1835)",TRUE,FALSE,NA
Nematoda spp.,adult,TRUE,NA,FALSE,FALSE,NA
Neuraphes sp.,adult,TRUE,NA,FALSE,FALSE,NA
Neuroptera spp.,adult,TRUE,NA,FALSE,FALSE,NA
Nysius ericae,adult,FALSE,NA,TRUE,FALSE,NA
Nysius senecionis,adult,FALSE,NA,FALSE,TRUE,NR
Olibrus aeneus,adult,FALSE,NA,TRUE,FALSE,NA
Oligochaeta spp.,adult,TRUE,NA,FALSE,FALSE,NA
Oligota pusillima,adult,FALSE,NA,TRUE,FALSE,NA
Omalium rivulare,adult,FALSE,NA,TRUE,FALSE,NA
Oniscidea spp.,adult,TRUE,NA,FALSE,FALSE,NA
Onychiurus cf. volinensis,adult,FALSE,NA,FALSE,TRUE,NA
Onychiurus folsomi,adult,FALSE,"(Schäffer, 1900)",TRUE,FALSE,NA
Onychiurus normalis,adult,FALSE,"Gisin, 1949",FALSE,TRUE,LO
Opiliones spp.,adult,TRUE,NA,FALSE,FALSE,NA
Orchesella cincta,adult,FALSE,"(Linnaeus, 1758)",TRUE,FALSE,NA
Orchesella sp. juv.,juvenile,TRUE,NA,FALSE,FALSE,NA
Orius sp.,adult,TRUE,NA,FALSE,FALSE,NA
Ostearius melanopygius,adult,FALSE,NA,FALSE,TRUE,PH
Othius laeviusculus,adult,FALSE,NA,FALSE,TRUE,NA
Otiorhynchus ovatus,adult,FALSE,NA,TRUE,FALSE,NA
Otiorhynchus sulcatus,adult,FALSE,NA,FALSE,FALSE,NA
Oxidus gracilis,adult,FALSE,"(""drivhustusenbein"")",FALSE,TRUE,NR
Oxypoda exoleta,adult,FALSE,NA,TRUE,FALSE,NA
Oxypoda sp.1,adult,TRUE,NA,FALSE,FALSE,NA
Oxypoda sp.2,adult,TRUE,NA,FALSE,TRUE,NA
Oxypoda sp.3,adult,TRUE,NA,FALSE,FALSE,NA
Oxypoda sp.4,adult,TRUE,NA,FALSE,FALSE,NA
Oxypoda sp.5,adult,TRUE,NA,FALSE,FALSE,NA
Oxypoda spp.,adult,TRUE,NA,FALSE,FALSE,NA
Ozyptila sp. juv.,juvenile,TRUE,NA,TRUE,FALSE,NA
Paralister purpurascens,adult,FALSE,NA,TRUE,FALSE,NA
Paranurophorus simplex,adult,FALSE,"Denis, 1929",FALSE,TRUE,NA
Parascythopus intrusus,adult,FALSE,NA,FALSE,FALSE,NA
Parasitica spp.,adult,TRUE,NA,FALSE,FALSE,NA
Paratullbergia callipygos,adult,FALSE,"(Börner, 1902)",TRUE,FALSE,NA
Paratullbergia macdougalli,adult,FALSE," Bagnall, 1936",FALSE,TRUE,NA
Parisotoma notabilis,adult,FALSE,"(Schäffer, 1896)",TRUE,FALSE,NA
Pelecopsis mengei,adult,FALSE,NA,TRUE,FALSE,NA
Peponocranium ludicrum,adult,FALSE,NA,TRUE,FALSE,NA
Perapion marchicum,adult,FALSE,NA,TRUE,FALSE,NA
Pheidole pallidula,adult,FALSE,NA,FALSE,TRUE,NR
Philonthus cognatus,adult,FALSE,NA,TRUE,FALSE,NA
Plagiolepis pygmaea,adult,FALSE,NA,FALSE,TRUE,NR
Plagiolepis vindobonensis,adult,FALSE,NA,FALSE,TRUE,NR
Platystethus capito,adult,FALSE,NA,FALSE,TRUE,NA
Platystethus degener,adult,FALSE,NA,FALSE,TRUE,LO
Pleurophorus caesus,adult,FALSE,NA,FALSE,TRUE,NR
Polyxenus lagurus,adult,FALSE,NA,FALSE,FALSE,NA
Ponera testacea,adult,FALSE,NA,FALSE,TRUE,NR
Pongeiella falca,adult,FALSE,"(Christiansen & Bellinger, 1980)",TRUE,FALSE,NA
Proisotoma minuta,adult,FALSE,"(Tullberg, 1871)",TRUE,FALSE,NA
Proisotoma subminuta,adult,FALSE,"Denis, 1931",FALSE,TRUE,LO
Protaphorura armata,adult,FALSE,"(Tullberg, 1869)",TRUE,FALSE,NA
Protaphorura cancellata,adult,FALSE,"(Gisin, 1956)",TRUE,FALSE,NA
Protaphorura fimata,adult,FALSE,"(Gisin, 1952)",FALSE,TRUE,LO
Protaphorura pulvinata,adult,FALSE,"(Gisin, 1954)",FALSE,TRUE,NA
Protaphorura sp. juv.,juvenile,TRUE,NA,FALSE,FALSE,NA
Protaphorura subuliginata,adult,FALSE,NA,FALSE,FALSE,NA
Protapion fulvipes,adult,FALSE,NA,TRUE,FALSE,NA
Proteinus laevigatus,adult,FALSE,NA,TRUE,FALSE,NA
Proteinus ovalis,adult,FALSE,NA,FALSE,TRUE,NA
Pseudachorutes parvulus,adult,FALSE,"Börner, 1901",TRUE,FALSE,NA
Pseudisotoma monochaeta,adult,FALSE,"(Kos, 1942)",TRUE,FALSE,NA
Pseudisotoma sensibilis,adult,FALSE," (Tullberg, 1876)",TRUE,FALSE,NA
Pseudoscorpiones spp.,adult,TRUE,NA,FALSE,FALSE,NA
Pseudosinella alba,adult,FALSE,NA,FALSE,FALSE,NA
Pseudosinella sexoculata,adult,FALSE,"Schött, 1902",TRUE,FALSE,NA
Pseudosinella sp.,adult,TRUE,NA,FALSE,TRUE,NA
Psocoptera spp.,adult,TRUE,NA,FALSE,FALSE,NA
Ptenidium nitidum,adult,FALSE,NA,TRUE,FALSE,NA
Quedius semiaeneus,adult,FALSE,NA,FALSE,TRUE,NA
Rabigus pullus,adult,FALSE,NA,FALSE,TRUE,NR
Rhinoncus perpendicularis,adult,FALSE,NA,TRUE,FALSE,NA
Schistoglossa curtipennis,adult,FALSE,NA,TRUE,FALSE,NA
Scolopostethus affinis,adult,FALSE,NA,TRUE,FALSE,NA
Scopaeus cf. ryei,adult,FALSE,NA,FALSE,TRUE,NR
Scopaeus laevigatus,adult,FALSE,NA,TRUE,FALSE,NA
Scopaeus sp. A,adult,TRUE,NA,FALSE,TRUE,NA
Sericoderus lateralis,adult,FALSE,NA,TRUE,FALSE,NA
Silometopus ambiguus,adult,FALSE,NA,TRUE,FALSE,NA
Simplocaria semistriata,adult,FALSE,NA,TRUE,FALSE,NA
Sinella tenebricosa,adult,FALSE,"Folsom, 1902",FALSE,TRUE,LO
Sminthurides sp. juv.,juvenile,TRUE,NA,FALSE,FALSE,NA
Sminthurinus elegans,adult,FALSE,"(Fitch, 1863)",TRUE,FALSE,NA
Sminthurinus lawrencei,adult,FALSE,"(Gisin, 1963)",FALSE,TRUE,NA
Sminthurinus niger,adult,FALSE,"(Lubbock, 1868)",FALSE,TRUE,LO
Sminthurinus sp. juv.,juvenile,TRUE,NA,FALSE,FALSE,NA
Sminthurinus trinotatus,adult,FALSE,"Axelson, 1905",FALSE,TRUE,LO
Solenopsis fugax,adult,FALSE,NA,FALSE,TRUE,LO
Sphaeridia pumilis,adult,FALSE,"(Krausbauert, 1898)",TRUE,FALSE,NA
Steatoda bipunctata,adult,FALSE,NA,TRUE,FALSE,NA
Stenaphorura lubbocki,adult,FALSE,"Bagnall, 1935",TRUE,FALSE,NA
Stenichnus sp.,adult,TRUE,NA,FALSE,FALSE,NA
Stenus argus,adult,FALSE,NA,TRUE,FALSE,NA
Stenus impressus,adult,FALSE,NA,TRUE,FALSE,NA
Stenus juno,adult,FALSE,NA,TRUE,FALSE,NA
Stephostethus lardarius,adult,FALSE,NA,TRUE,FALSE,NA
Sternorrhyncha spp. juv.,nymph,TRUE,NA,FALSE,FALSE,NA
Strumigenys membranifera,adult,FALSE,NA,FALSE,TRUE,NR
Supraphorura furcifer,adult,FALSE,NA,FALSE,FALSE,NA
Symphyla spp.,adult,TRUE,NA,FALSE,FALSE,NA
Symphyta spp. juv.,larvae,TRUE,NA,FALSE,FALSE,NA
Tachyporus cf. pusillus,adult,FALSE,NA,TRUE,FALSE,NA
Tachyporus chrysomelinus,adult,FALSE,NA,FALSE,FALSE,NA
Tachyporus dispar,adult,FALSE,NA,TRUE,FALSE,NA
Tachyporus nitidulus,adult,FALSE,NA,TRUE,FALSE,NA
Tachyporus obtusus,adult,FALSE,NA,TRUE,FALSE,NA
Tachyura parvula,adult,FALSE,NA,FALSE,TRUE,NA
Tapinoma magnum,adult,FALSE,NA,FALSE,TRUE,NR
Telmatophilus typhae,adult,FALSE,NA,FALSE,FALSE,NA
Temnothorax nylanderi,adult,FALSE,NA,TRUE,FALSE,NA
Temnothorax sp.,adult,TRUE,NA,FALSE,FALSE,NA
Tetramorium caespitum,adult,FALSE,NA,TRUE,FALSE,NA
Tetramorium semilaeve,adult,FALSE,NA,FALSE,TRUE,NR
Thalassaphorura encarpata,adult,FALSE,"(Denis, 1931)",FALSE,TRUE,LO
Thecturota marchii,adult,FALSE,NA,FALSE,TRUE,LO
Theridiidae spp. juv.,juvenile,TRUE,NA,FALSE,FALSE,NA
Thyreosthenius parasiticus,adult,FALSE,NA,FALSE,FALSE,NA
Thysanoptera spp.,adult,TRUE,NA,FALSE,FALSE,NA
Thysanoptera spp. juv.,juvenile,TRUE,NA,FALSE,FALSE,NA
Thysanoptera spp. juv and adult,nymph and adult,TRUE,NA,FALSE,FALSE,NA
Tinotus morion,adult,FALSE,NA,FALSE,FALSE,NA
Tomocerus minor,adult,FALSE,"(Lubbock, 1862)",TRUE,FALSE,NA
Tomocerus sp. juv.,juvenile,TRUE,NA,FALSE,FALSE,NA
Tomocerus vulgaris,adult,FALSE,"(Tullberg, 1871)",TRUE,FALSE,NA
Toramus cf. pulchellus,adult,FALSE,NA,FALSE,TRUE,NR
Trichiusa immigrata,adult,FALSE,NA,FALSE,FALSE,NA
Trotomma pubescens,adult,FALSE,NA,FALSE,TRUE,NR
Tychius picirostris,adult,FALSE,NA,TRUE,FALSE,NA
Tychus pullus,adult,FALSE,NA,FALSE,TRUE,NR
Vertagopus arboreus,adult,FALSE,"(Linnaeus, 1758)",TRUE,FALSE,NA
Vertagopus sp.,adult,TRUE,NA,FALSE,FALSE,NA
Willemia anophthalma,adult,FALSE,"Börner, 1901",TRUE,FALSE,NA
Willemia denisi,adult,FALSE,"Mills, 1932",TRUE,FALSE,NA
Willemia intermedia,adult,FALSE,"Mills, 1934",TRUE,FALSE,NA
Willemia sp. juv.,juvenile,TRUE,NA,FALSE,FALSE,NA
Willowsia nigromaculata,adult,FALSE,"(Lubbock, 1873)",TRUE,FALSE,NA
Xantholinus longiventris,adult,FALSE,NA,TRUE,FALSE,NA
Xantholinus sp. A,adult,TRUE,NA,FALSE,FALSE,NA
Xantholinus sp. B,adult,TRUE,NA,FALSE,FALSE,NA
Xantholinus sp. (hunner),adult,TRUE,NA,FALSE,FALSE,NA
Xenylla grisea,adult,FALSE,"Axelson, 1900",TRUE,FALSE,NA
Xenylla malayana,adult,FALSE,NA,FALSE,TRUE,NA
Xenylla maritima,adult,FALSE,"Tullberg, 1869",TRUE,FALSE,NA
Xenylla mediterranea,adult,FALSE,"Gama, 1964",TRUE,FALSE,NA
Xenylla sp. juv.,juvenile,TRUE,NA,FALSE,FALSE,NA
Xenylla welchi,adult,FALSE,"Folsom, 1916",FALSE,TRUE,NA
Xysticus sp.,adult,TRUE,NA,FALSE,FALSE,NA
